date,tournament,year,round,team_a,team_b,elo_a,elo_b,elo_diff,form_points_a,form_points_b,form_diff,avg_goals_for_a,avg_goals_for_b,goals_for_diff,avg_goals_against_a,avg_goals_against_b,goals_against_diff,avg_goal_diff_a,avg_goal_diff_b,recent_goal_diff,win_rate_a,win_rate_b,win_rate_diff,recent_games_a,recent_games_b,is_knockout,poisson_goals_a,poisson_goals_b
2010-06-11,World Cup,2010,Matchday 1,South Africa,Mexico,1500.0,1500.0,0.0,1.0,1.0,0.0,1.0,1.0,0.0,1.0,1.0,0.0,0.0,0.0,0.0,0.33,0.33,0.0,0,0,0,1,1
2010-06-11,World Cup,2010,Matchday 1,Uruguay,France,1500.0,1500.0,0.0,1.0,1.0,0.0,1.0,1.0,0.0,1.0,1.0,0.0,0.0,0.0,0.0,0.33,0.33,0.0,0,0,0,0,0
2010-06-12,World Cup,2010,Matchday 2,South Korea,Greece,1500.0,1500.0,0.0,1.0,1.0,0.0,1.0,1.0,0.0,1.0,1.0,0.0,0.0,0.0,0.0,0.33,0.33,0.0,0,0,0,2,0
2010-06-12,World Cup,2010,Matchday 2,Argentina,Nigeria,1500.0,1500.0,0.0,1.0,1.0,0.0,1.0,1.0,0.0,1.0,1.0,0.0,0.0,0.0,0.0,0.33,0.33,0.0,0,0,0,1,0
2010-06-12,World Cup,2010,Matchday 2,England,USA,1500.0,1500.0,0.0,1.0,1.0,0.0,1.0,1.0,0.0,1.0,1.0,0.0,0.0,0.0,0.0,0.33,0.33,0.0,0,0,0,1,1
2010-06-13,World Cup,2010,Matchday 3,Algeria,Slovenia,1500.0,1500.0,0.0,1.0,1.0,0.0,1.0,1.0,0.0,1.0,1.0,0.0,0.0,0.0,0.0,0.33,0.33,0.0,0,0,0,0,1
2010-06-13,World Cup,2010,Matchday 3,Serbia,Ghana,1500.0,1500.0,0.0,1.0,1.0,0.0,1.0,1.0,0.0,1.0,1.0,0.0,0.0,0.0,0.0,0.33,0.33,0.0,0,0,0,0,1
2010-06-13,World Cup,2010,Matchday 3,Germany,Australia,1500.0,1500.0,0.0,1.0,1.0,0.0,1.0,1.0,0.0,1.0,1.0,0.0,0.0,0.0,0.0,0.33,0.33,0.0,0,0,0,4,0
2010-06-14,World Cup,2010,Matchday 4,Netherlands,Denmark,1500.0,1500.0,0.0,1.0,1.0,0.0,1.0,1.0,0.0,1.0,1.0,0.0,0.0,0.0,0.0,0.33,0.33,0.0,0,0,0,2,0
2010-06-14,World Cup,2010,Matchday 4,Japan,Cameroon,1500.0,1500.0,0.0,1.0,1.0,0.0,1.0,1.0,0.0,1.0,1.0,0.0,0.0,0.0,0.0,0.33,0.33,0.0,0,0,0,1,0
2010-06-14,World Cup,2010,Matchday 4,Italy,Paraguay,1500.0,1500.0,0.0,1.0,1.0,0.0,1.0,1.0,0.0,1.0,1.0,0.0,0.0,0.0,0.0,0.33,0.33,0.0,0,0,0,1,1
2010-06-15,World Cup,2010,Matchday 5,New Zealand,Slovakia,1500.0,1500.0,0.0,1.0,1.0,0.0,1.0,1.0,0.0,1.0,1.0,0.0,0.0,0.0,0.0,0.33,0.33,0.0,0,0,0,1,1
2010-06-15,World Cup,2010,Matchday 5,Côte d'Ivoire,Portugal,1500.0,1500.0,0.0,1.0,1.0,0.0,1.0,1.0,0.0,1.0,1.0,0.0,0.0,0.0,0.0,0.33,0.33,0.0,0,0,0,0,0
2010-06-15,World Cup,2010,Matchday 5,Brazil,North Korea,1500.0,1500.0,0.0,1.0,1.0,0.0,1.0,1.0,0.0,1.0,1.0,0.0,0.0,0.0,0.0,0.33,0.33,0.0,0,0,0,2,1
2010-06-16,World Cup,2010,Matchday 6,South Africa,Uruguay,1500.0,1500.0,0.0,1.0,1.0,0.0,1.0,0.0,1.0,1.0,0.0,1.0,0.0,0.0,0.0,0.0,0.0,0.0,1,1,0,0,3
2010-06-16,World Cup,2010,Matchday 6,Honduras,Chile,1500.0,1500.0,0.0,1.0,1.0,0.0,1.0,1.0,0.0,1.0,1.0,0.0,0.0,0.0,0.0,0.33,0.33,0.0,0,0,0,0,1
2010-06-16,World Cup,2010,Matchday 6,Spain,Switzerland,1500.0,1500.0,0.0,1.0,1.0,0.0,1.0,1.0,0.0,1.0,1.0,0.0,0.0,0.0,0.0,0.33,0.33,0.0,0,0,0,0,1
2010-06-17,World Cup,2010,Matchday 7,France,Mexico,1500.0,1500.0,0.0,1.0,1.0,0.0,0.0,1.0,-1.0,0.0,1.0,-1.0,0.0,0.0,0.0,0.0,0.0,0.0,1,1,0,0,2
2010-06-17,World Cup,2010,Matchday 7,Argentina,South Korea,1515.0,1515.0,0.0,3.0,3.0,0.0,1.0,2.0,-1.0,0.0,0.0,0.0,1.0,2.0,-1.0,1.0,1.0,0.0,1,1,0,4,1
2010-06-17,World Cup,2010,Matchday 7,Greece,Nigeria,1485.0,1485.0,0.0,0.0,0.0,0.0,0.0,0.0,0.0,2.0,1.0,1.0,-2.0,-1.0,-1.0,0.0,0.0,0.0,1,1,0,2,1
2010-06-18,World Cup,2010,Matchday 8,Slovenia,USA,1515.0,1500.0,15.0,3.0,1.0,2.0,1.0,1.0,0.0,0.0,1.0,-1.0,1.0,0.0,1.0,1.0,0.0,1.0,1,1,0,2,2
2010-06-18,World Cup,2010,Matchday 8,England,Algeria,1500.0,1485.0,15.0,1.0,0.0,1.0,1.0,0.0,1.0,1.0,1.0,0.0,0.0,-1.0,1.0,0.0,0.0,0.0,1,1,0,0,0
2010-06-18,World Cup,2010,Matchday 8,Germany,Serbia,1515.0,1485.0,30.0,3.0,0.0,3.0,4.0,0.0,4.0,0.0,1.0,-1.0,4.0,-1.0,5.0,1.0,0.0,1.0,1,1,0,0,1
2010-06-19,World Cup,2010,Matchday 9,Ghana,Australia,1515.0,1485.0,30.0,3.0,0.0,3.0,1.0,0.0,1.0,0.0,4.0,-4.0,1.0,-4.0,5.0,1.0,0.0,1.0,1,1,0,1,1
2010-06-19,World Cup,2010,Matchday 9,Netherlands,Japan,1515.0,1515.0,0.0,3.0,3.0,0.0,2.0,1.0,1.0,0.0,0.0,0.0,2.0,1.0,1.0,1.0,1.0,0.0,1,1,0,1,0
2010-06-19,World Cup,2010,Matchday 9,Cameroon,Denmark,1485.0,1485.0,0.0,0.0,0.0,0.0,0.0,0.0,0.0,1.0,2.0,-1.0,-1.0,-2.0,1.0,0.0,0.0,0.0,1,1,0,1,2
2010-06-20,World Cup,2010,Matchday 10,Slovakia,Paraguay,1500.0,1500.0,0.0,1.0,1.0,0.0,1.0,1.0,0.0,1.0,1.0,0.0,0.0,0.0,0.0,0.0,0.0,0.0,1,1,0,0,2
2010-06-20,World Cup,2010,Matchday 10,Italy,New Zealand,1500.0,1500.0,0.0,1.0,1.0,0.0,1.0,1.0,0.0,1.0,1.0,0.0,0.0,0.0,0.0,0.0,0.0,0.0,1,1,0,1,1
2010-06-20,World Cup,2010,Matchday 10,Brazil,Côte d'Ivoire,1515.0,1500.0,15.0,3.0,1.0,2.0,2.0,0.0,2.0,1.0,0.0,1.0,1.0,0.0,1.0,1.0,0.0,1.0,1,1,0,3,1
2010-06-21,World Cup,2010,Matchday 11,Portugal,North Korea,1500.0,1485.0,15.0,1.0,0.0,1.0,0.0,1.0,-1.0,0.0,2.0,-2.0,0.0,-1.0,1.0,0.0,0.0,0.0,1,1,0,7,0
2010-06-21,World Cup,2010,Matchday 11,Chile,Switzerland,1515.0,1515.0,0.0,3.0,3.0,0.0,1.0,1.0,0.0,0.0,0.0,0.0,1.0,1.0,0.0,1.0,1.0,0.0,1,1,0,1,0
2010-06-21,World Cup,2010,Matchday 11,Spain,Honduras,1485.0,1485.0,0.0,0.0,0.0,0.0,0.0,0.0,0.0,1.0,1.0,0.0,-1.0,-1.0,0.0,0.0,0.0,0.0,1,1,0,2,0
2010-06-22,World Cup,2010,Matchday 12,Mexico,Uruguay,1515.0,1515.0,0.0,2.0,2.0,0.0,1.5,1.5,0.0,0.5,0.0,0.5,1.0,1.5,-0.5,0.5,0.5,0.0,2,2,0,0,1
2010-06-22,World Cup,2010,Matchday 12,France,South Africa,1485.0,1485.0,0.0,0.5,0.5,0.0,0.0,0.5,-0.5,1.0,2.0,-1.0,-1.0,-1.5,0.5,0.0,0.0,0.0,2,2,0,1,2
2010-06-22,World Cup,2010,Matchday 12,Nigeria,South Korea,1470.0,1500.0,-30.0,0.0,1.5,-1.5,0.5,1.5,-1.0,1.5,2.0,-0.5,-1.0,-0.5,-0.5,0.0,0.5,-0.5,2,2,0,2,2
2010-06-22,World Cup,2010,Matchday 12,Greece,Argentina,1500.0,1530.0,-30.0,1.5,3.0,-1.5,1.0,2.5,-1.5,1.5,0.5,1.0,-0.5,2.0,-2.5,0.5,1.0,-0.5,2,2,0,0,2
2010-06-23,World Cup,2010,Matchday 13,USA,Algeria,1500.6471999915343,1485.6471999915343,15.0,1.0,0.5,0.5,1.5,0.0,1.5,1.5,0.5,1.0,0.0,-0.5,0.5,0.0,0.0,0.0,2,2,0,1,0
2010-06-23,World Cup,2010,Matchday 13,Slovenia,England,1514.3528000084657,1499.3528000084657,15.0,2.0,1.0,1.0,1.5,0.5,1.0,1.0,0.5,0.5,0.5,0.0,0.5,0.5,0.0,0.5,2,2,0,0,1
2010-06-23,World Cup,2010,Matchday 13,Australia,Serbia,1486.2919947606663,1501.2919947606663,-15.0,0.5,1.5,-1.0,0.5,0.5,0.0,2.5,0.5,2.0,-2.0,0.0,-2.0,0.0,0.5,-0.5,2,2,0,2,1
2010-06-23,World Cup,2010,Matchday 13,Ghana,Germany,1513.7080052393337,1498.7080052393337,15.0,2.0,1.5,0.5,1.0,2.0,-1.0,0.5,0.5,0.0,0.5,1.5,-1.0,0.5,0.5,0.0,2,2,0,0,1
2010-06-24,World Cup,2010,Matchday 14,Denmark,Japan,1500.0,1500.0,0.0,1.5,1.5,0.0,1.0,0.5,0.5,1.5,0.5,1.0,-0.5,0.0,-0.5,0.5,0.5,0.0,2,2,0,1,3
2010-06-24,World Cup,2010,Matchday 14,Cameroon,Netherlands,1470.0,1530.0,-60.0,0.0,3.0,-3.0,0.5,1.5,-1.0,1.5,0.0,1.5,-1.0,1.5,-2.5,0.0,1.0,-1.0,2,2,0,1,2
2010-06-24,World Cup,2010,Matchday 14,Slovakia,Italy,1485.0,1500.0,-15.0,0.5,1.0,-0.5,0.5,1.0,-0.5,1.5,1.0,0.5,-1.0,0.0,-1.0,0.0,0.0,0.0,2,2,0,3,2
2010-06-24,World Cup,2010,Matchday 14,Paraguay,New Zealand,1515.0,1500.0,15.0,2.0,1.0,1.0,1.5,1.0,0.5,0.5,1.0,-0.5,1.0,0.0,1.0,0.5,0.0,0.5,2,2,0,0,0
2010-06-25,World Cup,2010,Matchday 15,Portugal,Brazil,1514.3528000084657,1529.3528000084657,-15.0,2.0,3.0,-1.0,3.5,2.5,1.0,0.0,1.0,-1.0,3.5,1.5,2.0,0.5,1.0,-0.5,2,2,0,0,0
2010-06-25,World Cup,2010,Matchday 15,North Korea,Côte d'Ivoire,1470.6471999915343,1485.6471999915343,-15.0,0.0,0.5,-0.5,0.5,0.5,0.0,4.5,1.5,3.0,-4.0,-1.0,-3.0,0.0,0.0,0.0,2,2,0,0,3
2010-06-25,World Cup,2010,Matchday 15,Chile,Spain,1530.0,1500.0,30.0,3.0,1.5,1.5,1.0,1.0,0.0,0.0,0.5,-0.5,1.0,0.5,0.5,1.0,0.5,0.5,2,2,0,1,2
2010-06-25,World Cup,2010,Matchday 15,Switzerland,Honduras,1500.0,1470.0,30.0,1.5,0.0,1.5,0.5,0.0,0.5,0.5,1.5,-1.0,0.0,-1.5,1.5,0.5,0.0,0.5,2,2,0,0,0
2010-06-26,World Cup,2010,Round of 16,Uruguay,South Korea,1530.0,1498.7080052393337,31.291994760666284,2.3333333333333335,1.3333333333333333,1.0000000000000002,1.3333333333333333,1.6666666666666667,-0.3333333333333335,0.0,2.0,-2.0,1.3333333333333333,-0.3333333333333333,1.6666666666666665,0.6666666666666666,0.3333333333333333,0.3333333333333333,3,3,1,2,1
2010-06-26,World Cup,2010,Round of 16,USA,Ghana,1515.0,1498.0608052477994,16.939194752200592,1.6666666666666667,1.3333333333333333,0.3333333333333335,1.3333333333333333,0.6666666666666666,0.6666666666666666,1.0,0.6666666666666666,0.33333333333333337,0.3333333333333333,0.0,0.3333333333333333,0.3333333333333333,0.3333333333333333,0.0,3,3,1,1,1
2010-06-27,World Cup,2010,Round of 16,Germany,England,1514.355205230868,1515.0,-0.6447947691319769,2.0,1.6666666666666667,0.33333333333333326,1.6666666666666667,0.6666666666666666,1.0,0.3333333333333333,0.3333333333333333,0.0,1.3333333333333333,0.3333333333333333,1.0,0.6666666666666666,0.3333333333333333,0.3333333333333333,3,3,1,4,1
2010-06-27,World Cup,2010,Round of 16,Argentina,Mexico,1543.7080052393337,1500.0,43.708005239333716,3.0,1.3333333333333333,1.6666666666666667,2.3333333333333335,1.0,1.3333333333333335,0.3333333333333333,0.6666666666666666,-0.3333333333333333,2.0,0.3333333333333333,1.6666666666666667,1.0,0.3333333333333333,0.6666666666666667,3,3,1,3,1
2010-06-28,World Cup,2010,Round of 16,Netherlands,Slovakia,1542.4350396398456,1500.6471999915343,41.78783964831132,3.0,1.3333333333333333,1.6666666666666667,1.6666666666666667,1.3333333333333333,0.3333333333333335,0.3333333333333333,1.6666666666666667,-1.3333333333333335,1.3333333333333333,-0.3333333333333333,1.6666666666666665,1.0,0.3333333333333333,0.6666666666666667,3,3,1,2,1
2010-06-28,World Cup,2010,Round of 16,Brazil,Chile,1528.7056000169314,1513.7080052393337,14.99759477759767,2.3333333333333335,2.0,0.3333333333333335,1.6666666666666667,1.0,0.6666666666666667,0.6666666666666666,0.6666666666666666,0.0,1.0,0.3333333333333333,0.6666666666666667,0.6666666666666666,0.6666666666666666,0.0,3,3,1,3,0
2010-06-29,World Cup,2010,Round of 16,Paraguay,Japan,1514.3528000084657,1515.0,-0.6471999915343076,1.6666666666666667,2.0,-0.33333333333333326,1.0,1.3333333333333333,-0.33333333333333326,0.3333333333333333,0.6666666666666666,-0.3333333333333333,0.6666666666666666,0.6666666666666666,0.0,0.3333333333333333,0.6666666666666666,-0.3333333333333333,3,3,1,0,0
2010-06-29,World Cup,2010,Round of 16,Spain,Portugal,1516.2919947606663,1515.0,1.2919947606662845,2.0,1.6666666666666667,0.33333333333333326,1.3333333333333333,2.3333333333333335,-1.0000000000000002,0.6666666666666666,0.0,0.6666666666666666,0.6666666666666666,2.3333333333333335,-1.666666666666667,0.6666666666666666,0.3333333333333333,0.3333333333333333,3,3,1,1,0
2010-07-02,World Cup,2010,Quarterfinals,Netherlands,Brazil,1555.639563083017,1543.058503673911,12.581059409106047,3.0,2.5,0.5,1.75,2.0,-0.25,0.5,0.5,0.0,1.25,1.5,-0.25,1.0,0.75,0.25,4,4,1,2,1
2010-07-02,World Cup,2010,Quarterfinals,Uruguay,Ghana,1543.6526571497118,1513.7915501604764,29.861106989235395,2.5,1.75,0.75,1.5,1.0,0.5,0.25,0.75,-0.5,1.25,0.25,1.0,0.75,0.5,0.25,4,4,1,1,1
2010-07-03,World Cup,2010,Quarterfinals,Argentina,Germany,1556.8308710914528,1529.3830432268473,27.447827864605415,3.0,2.25,0.75,2.5,2.25,0.25,0.5,0.5,0.0,2.0,1.75,0.25,1.0,0.75,0.25,4,4,1,0,4
2010-07-03,World Cup,2010,Quarterfinals,Paraguay,Spain,1514.3807418458844,1531.2362151201035,-16.855473274219094,1.5,2.25,-0.75,0.75,1.25,-0.5,0.25,0.5,-0.25,0.5,0.75,-0.25,0.25,0.75,-0.5,4,4,1,0,1
2010-07-06,World Cup,2010,Semifinals,Uruguay,Netherlands,1542.3666145996533,1570.096632371242,-27.73001777158879,2.2,3.0,-0.7999999999999998,1.4,1.8,-0.40000000000000013,0.4,0.6,-0.19999999999999996,1.0,1.2,-0.19999999999999996,0.6,1.0,-0.4,5,5,1,2,3
2010-07-07,World Cup,2010,Semifinals,Germany,Spain,1545.5656020450908,1545.509076218114,0.05652582697689468,2.4,2.4,0.0,2.6,1.2,1.4000000000000001,0.4,0.4,0.0,2.2,0.8,1.4000000000000001,0.8,0.8,0.0,5,5,1,0,1
2010-07-10,World Cup,2010,Third-place play-off,Uruguay,Germany,1528.5612800357578,1530.5631616289893,-2.0018815932314737,2.0,1.8,0.19999999999999996,1.8,1.8,0.0,1.0,0.6,0.4,0.8,1.2,-0.3999999999999999,0.6,0.6,0.0,5,5,1,2,3
2010-07-11,World Cup,2010,Final,Netherlands,Spain,1583.9019669351376,1560.5115166342155,23.39045030092211,3.0,3.0,0.0,2.0,1.4,0.6000000000000001,1.0,0.2,0.8,1.0,1.2,-0.19999999999999996,1.0,1.0,0.0,5,5,1,0,0
2014-06-12,World Cup,2014,Matchday 1,Brazil,Croatia,1528.601434385686,1500.0,28.601434385685934,2.0,1.0,1.0,1.8,1.0,0.8,0.8,1.0,-0.19999999999999996,1.0,0.0,1.0,0.6,0.33,0.26999999999999996,5,0,0,3,1
2014-06-13,World Cup,2014,Matchday 2,Mexico,Cameroon,1486.877134147881,1457.5649603601544,29.31217378772658,1.0,0.0,1.0,1.0,0.6666666666666666,0.33333333333333337,1.25,1.6666666666666667,-0.41666666666666674,-0.25,-1.0,0.75,0.25,0.0,0.25,4,3,0,1,0
2014-06-13,World Cup,2014,Matchday 2,Spain,Netherlands,1576.5198406331376,1567.8936429362154,8.62619769692219,3.0,2.4,0.6000000000000001,1.2,1.8,-0.6000000000000001,0.2,1.2,-1.0,1.0,0.6,0.4,1.0,0.8,0.19999999999999996,5,5,0,1,5
2014-06-13,World Cup,2014,Matchday 2,Chile,Australia,1499.355101582354,1501.9391947522006,-2.584093169846483,1.5,1.3333333333333333,0.16666666666666674,0.75,1.0,-0.25,1.25,2.0,-0.75,-0.5,-1.0,0.5,0.5,0.3333333333333333,0.16666666666666669,4,3,0,3,1
2014-06-14,World Cup,2014,Matchday 3,Colombia,Greece,1500.0,1486.2919947606663,13.708005239333716,1.0,1.0,0.0,1.0,0.6666666666666666,0.33333333333333337,1.0,1.6666666666666667,-0.6666666666666667,0.0,-1.0,1.0,0.33,0.3333333333333333,-0.0033333333333332993,0,3,0,3,0
2014-06-14,World Cup,2014,Matchday 3,Côte d'Ivoire,Japan,1500.0,1514.9720581625813,-14.972058162581334,1.3333333333333333,1.75,-0.41666666666666674,1.3333333333333333,1.0,0.33333333333333326,1.0,0.5,0.5,0.3333333333333333,0.5,-0.16666666666666669,0.3333333333333333,0.5,-0.16666666666666669,3,4,0,2,1
2014-06-14,World Cup,2014,Matchday 3,Uruguay,Costa Rica,1513.6477072552177,1500.0,13.64770725521771,1.4,1.0,0.3999999999999999,1.6,1.0,0.6000000000000001,1.6,1.0,0.6000000000000001,0.0,0.0,0.0,0.4,0.33,0.07,5,0,0,1,3
2014-06-14,World Cup,2014,Matchday 3,England,Italy,1499.9721620040207,1484.3528000084657,15.619361995554982,1.25,0.6666666666666666,0.5833333333333334,0.75,1.3333333333333333,-0.5833333333333333,1.25,1.6666666666666667,-0.41666666666666674,-0.5,-0.3333333333333333,-0.16666666666666669,0.25,0.0,0.25,4,3,0,1,2
2014-06-15,World Cup,2014,Matchday 4,Switzerland,Ecuador,1498.7080052393337,1500.0,-1.2919947606662845,1.3333333333333333,1.0,0.33333333333333326,0.3333333333333333,1.0,-0.6666666666666667,0.3333333333333333,1.0,-0.6666666666666667,0.0,0.0,0.0,0.3333333333333333,0.33,0.0033333333333332993,3,0,0,2,1
2014-06-15,World Cup,2014,Matchday 4,France,Honduras,1470.0,1471.2919947606663,-1.2919947606662845,0.3333333333333333,0.3333333333333333,0.0,0.3333333333333333,0.0,0.3333333333333333,1.3333333333333333,1.0,0.33333333333333326,-1.0,-1.0,0.0,0.0,0.0,0.0,3,3,0,3,0
2014-06-15,World Cup,2014,Matchday 4,Argentina,Bosnia-Herzegovina,1540.6483122732093,1500.0,40.648312273209285,2.4,1.0,1.4,2.0,1.0,1.0,1.2,1.0,0.19999999999999996,0.8,0.0,0.8,0.8,0.33,0.47000000000000003,5,0,0,2,1
2014-06-16,World Cup,2014,Matchday 5,Iran,Nigeria,1500.0,1471.2919947606663,28.708005239333716,1.0,0.3333333333333333,0.6666666666666667,1.0,1.0,0.0,1.0,1.6666666666666667,-0.6666666666666667,0.0,-0.6666666666666666,0.6666666666666666,0.33,0.0,0.33,0,3,0,0,0
2014-06-16,World Cup,2014,Matchday 5,Germany,Portugal,1545.4767344095294,1500.0557796405628,45.42095476896657,2.4,1.25,1.15,2.4,1.75,0.6499999999999999,0.8,0.25,0.55,1.6,1.5,0.10000000000000009,0.8,0.25,0.55,5,4,0,4,0
2014-06-16,World Cup,2014,Matchday 5,Ghana,USA,1515.0775927105349,1499.269255087323,15.808337623211855,1.6,1.25,0.3500000000000001,1.0,1.25,-0.25,0.8,1.25,-0.44999999999999996,0.2,0.0,0.2,0.4,0.25,0.15000000000000002,5,4,0,1,2
2014-06-17,World Cup,2014,Matchday 6,Brazil,Mexico,1542.3693930599484,1500.61461991015,41.75477314979844,2.0,1.4,0.6000000000000001,2.0,1.0,1.0,0.8,1.0,-0.19999999999999996,1.2,0.0,1.2,0.6,0.4,0.19999999999999996,5,5,0,0,0
2014-06-17,World Cup,2014,Matchday 6,Belgium,Algeria,1500.0,1471.2943999830686,28.705600016931385,1.0,0.3333333333333333,0.6666666666666667,1.0,0.0,1.0,1.0,0.6666666666666666,0.33333333333333337,0.0,-0.6666666666666666,0.6666666666666666,0.33,0.0,0.33,0,3,0,2,1
2014-06-17,World Cup,2014,Matchday 6,Russia,South Korea,1500.0,1485.055348089622,14.94465191037807,1.0,1.0,0.0,1.0,1.5,-0.5,1.0,2.0,-1.0,0.0,-0.5,0.5,0.33,0.25,0.08000000000000002,0,4,0,1,1
2014-06-18,World Cup,2014,Matchday 7,Cameroon,Croatia,1443.8274745978854,1486.2320413257376,-42.40456672785217,0.0,0.0,0.0,0.5,1.0,-0.5,1.5,3.0,-1.5,-1.0,-2.0,1.0,0.0,0.0,0.0,4,1,0,0,4
2014-06-18,World Cup,2014,Matchday 7,Australia,Netherlands,1486.8276325391107,1583.2659893214693,-96.4383567823586,1.0,2.4,-1.4,1.0,2.4,-1.4,2.25,1.2,1.05,-1.25,1.2,-2.45,0.25,0.8,-0.55,4,5,0,2,3
2014-06-18,World Cup,2014,Matchday 7,Spain,Chile,1561.1474942478837,1514.466663795444,46.68083045243975,2.4,1.8,0.5999999999999999,1.0,1.2,-0.19999999999999996,1.0,1.2,-0.19999999999999996,0.0,0.0,0.0,0.8,0.6,0.20000000000000007,5,5,0,0,2
2014-06-19,World Cup,2014,Matchday 8,Colombia,Côte d'Ivoire,1514.408484742159,1515.6459958870412,-1.2375111448820917,3.0,1.75,1.25,3.0,1.5,1.5,0.0,1.0,-1.0,3.0,0.5,2.5,1.0,0.5,0.5,1,4,0,2,1
2014-06-19,World Cup,2014,Matchday 8,Japan,Greece,1499.3260622755402,1471.8835100185072,27.442552257032958,1.4,0.75,0.6499999999999999,1.0,0.5,0.5,0.8,2.0,-1.2,0.2,-1.5,1.7,0.4,0.25,0.15000000000000002,5,4,0,0,0
2014-06-19,World Cup,2014,Matchday 8,Uruguay,England,1498.0587912401108,1484.2982738667936,13.76051737331727,0.8,1.0,-0.19999999999999996,1.6,0.8,0.8,2.2,1.4,0.8000000000000003,-0.6,-0.6,0.0,0.2,0.2,0.0,5,5,0,2,1
2014-06-20,World Cup,2014,Matchday 9,Italy,Costa Rica,1500.0266881456928,1515.5889160151069,-15.562227869414073,1.25,3.0,-1.75,1.5,3.0,-1.5,1.5,1.0,0.5,0.0,2.0,-2.0,0.25,1.0,-0.75,4,1,0,0,1
2014-06-20,World Cup,2014,Matchday 9,Switzerland,France,1513.7637848798965,1485.0557796405628,28.708005239333716,1.75,1.0,0.75,0.75,1.0,-0.25,0.5,1.0,-0.5,0.25,0.0,0.25,0.5,0.25,0.25,4,4,0,2,5
2014-06-20,World Cup,2014,Matchday 9,Honduras,Ecuador,1456.2362151201035,1484.9442203594372,-28.708005239333716,0.25,0.0,0.25,0.0,1.0,-1.0,1.5,2.0,-0.5,-1.5,-1.0,-0.5,0.0,0.0,0.0,4,1,0,1,2
2014-06-21,World Cup,2014,Matchday 10,Argentina,Iran,1553.9013470533173,1498.7633887960574,55.137958257259925,2.4,1.0,1.4,2.2,0.0,2.2,1.4,0.0,1.4,0.8,0.0,0.8,0.8,0.0,0.8,5,1,0,1,0
2014-06-21,World Cup,2014,Matchday 10,Nigeria,Bosnia-Herzegovina,1472.528605964609,1486.746965219892,-14.218359255283076,0.5,0.0,0.5,0.75,1.0,-0.25,1.25,2.0,-0.75,-0.5,-1.0,0.5,0.0,0.0,0.0,4,1,0,1,0
2014-06-21,World Cup,2014,Matchday 10,Germany,Ghana,1558.5268499238207,1499.3955625064368,59.131287417383874,2.4,1.0,1.4,3.0,1.0,2.0,0.8,1.2,-0.3999999999999999,2.2,-0.2,2.4000000000000004,0.8,0.2,0.6000000000000001,5,5,0,2,2
2014-06-22,World Cup,2014,Matchday 11,USA,Portugal,1514.951285291421,1487.0056641262715,27.945621165149532,1.6,1.0,0.6000000000000001,1.4,1.4,0.0,1.2,1.0,0.19999999999999996,0.2,0.4,-0.2,0.4,0.2,0.2,5,5,0,2,2
2014-06-22,World Cup,2014,Matchday 11,Belgium,Russia,1513.7634919321563,1499.3551851454488,14.408306786707499,3.0,1.0,2.0,2.0,1.0,1.0,1.0,1.0,0.0,1.0,0.0,1.0,1.0,0.0,1.0,1,1,0,1,0
2014-06-22,World Cup,2014,Matchday 11,South Korea,Algeria,1485.7001629441731,1457.5309080509123,28.169254893260813,1.0,0.25,0.75,1.4,0.25,1.15,1.8,1.0,0.8,-0.4,-0.75,0.35,0.2,0.0,0.2,5,4,0,2,4
2014-06-23,World Cup,2014,Matchday 12,Cameroon,Brazil,1430.6491903070496,1540.5753236604612,-109.92613335341161,0.0,1.6,-1.6,0.4,1.4,-0.9999999999999999,2.0,0.6,1.4,-1.6,0.8,-2.4000000000000004,0.0,0.4,-0.4,5,5,0,1,4
2014-06-23,World Cup,2014,Matchday 12,Croatia,Mexico,1499.4103256165733,1502.408689309637,-2.998363693063766,1.5,1.4,0.10000000000000009,2.5,0.8,1.7,1.5,0.8,0.7,1.0,0.0,1.0,0.5,0.4,0.09999999999999998,2,5,0,1,3
2014-06-23,World Cup,2014,Matchday 12,Australia,Spain,1475.8874775801498,1544.1441611216842,-68.25668354153436,0.8,1.8,-1.0,1.2,0.8,0.3999999999999999,2.4,1.4,1.0,-1.2,-0.6,-0.6,0.2,0.6,-0.39999999999999997,5,5,0,0,3
2014-06-23,World Cup,2014,Matchday 12,Netherlands,Chile,1594.2061442804302,1531.4699969216435,62.73614735878664,2.4,1.8,0.5999999999999999,2.6,1.4,1.2000000000000002,1.4,1.2,0.19999999999999996,1.2,0.2,1.0,0.8,0.6,0.20000000000000007,5,5,0,2,0
2014-06-24,World Cup,2014,Matchday 13,Japan,Colombia,1498.143729808217,1529.4619121671187,-31.318182358901822,1.0,3.0,-2.0,0.8,2.5,-1.7,0.8,0.5,0.30000000000000004,0.0,2.0,-2.0,0.2,1.0,-0.8,5,2,0,1,4
2014-06-24,World Cup,2014,Matchday 13,Greece,Côte d'Ivoire,1473.0658424858304,1500.5925684620815,-27.5267259762511,0.8,1.4,-0.5999999999999999,0.4,1.4,-0.9999999999999999,1.6,1.2,0.40000000000000013,-1.2,0.2,-1.4,0.2,0.4,-0.2,5,5,0,2,1
2014-06-24,World Cup,2014,Matchday 13,Italy,Uruguay,1485.698114564828,1512.4650123902545,-26.76689782542644,1.0,0.8,0.19999999999999996,1.2,1.6,-0.40000000000000013,1.4,2.2,-0.8000000000000003,-0.2,-0.6,0.39999999999999997,0.2,0.2,0.0,5,5,0,0,1
2014-06-24,World Cup,2014,Matchday 13,Costa Rica,England,1529.9174895959716,1469.89205271665,60.02543687932166,3.0,0.8,2.2,2.0,0.8,1.2,0.5,1.6,-1.1,1.5,-0.8,2.3,1.0,0.2,0.8,2,5,0,0,0
2014-06-25,World Cup,2014,Matchday 14,Honduras,Switzerland,1442.472826324046,1497.527173675954,-55.054347351907836,0.2,1.4,-1.2,0.2,1.0,-0.8,1.6,1.4,0.20000000000000018,-1.4,-0.4,-0.9999999999999999,0.0,0.4,-0.4,5,5,0,0,3
2014-06-25,World Cup,2014,Matchday 14,Ecuador,France,1498.7076091554945,1501.2923908445055,-2.5847816890109243,1.5,1.4,0.10000000000000009,1.5,1.8,-0.30000000000000004,1.5,1.2,0.30000000000000004,0.0,0.6,-0.6,0.5,0.4,0.09999999999999998,2,5,0,0,0
2014-06-25,World Cup,2014,Matchday 14,Nigeria,Argentina,1488.1421194224279,1566.54063550932,-78.39851608689219,1.0,2.4,-1.4,0.8,1.6,-0.8,1.0,1.2,-0.19999999999999996,-0.2,0.4,-0.6000000000000001,0.2,0.8,-0.6000000000000001,5,5,0,2,3
2014-06-25,World Cup,2014,Matchday 14,Bosnia-Herzegovina,Iran,1471.133451762073,1486.1241003400546,-14.990648577981574,0.0,0.5,-0.5,0.5,0.0,0.5,1.5,0.5,1.0,-1.0,-0.5,-0.5,0.0,0.0,0.0,2,2,0,3,1
2014-06-26,World Cup,2014,Matchday 15,USA,Germany,1513.7473710117997,1555.9983137384602,-42.25094272666047,1.6,2.0,-0.3999999999999999,1.6,2.6,-1.0,1.4,1.0,0.3999999999999999,0.2,1.6,-1.4000000000000001,0.4,0.6,-0.19999999999999996,5,5,0,0,1
2014-06-26,World Cup,2014,Matchday 15,Portugal,Ghana,1488.209578405893,1501.9240986917973,-13.714520285904428,1.0,1.0,0.0,1.8,1.2,0.6000000000000001,1.4,1.4,0.0,0.4,-0.2,0.6000000000000001,0.2,0.2,0.0,5,5,0,2,1
2014-06-26,World Cup,2014,Matchday 15,South Korea,Belgium,1469.4866563133305,1528.14179168288,-58.6551353695495,0.4,3.0,-2.6,1.4,1.5,-0.10000000000000009,2.6,0.5,2.1,-1.2,1.0,-2.2,0.0,1.0,-1.0,5,2,0,0,1
2014-06-26,World Cup,2014,Matchday 15,Algeria,Russia,1473.744414681755,1484.976885394725,-11.232470712970098,0.8,0.5,0.30000000000000004,1.0,0.5,0.5,1.2,1.0,0.19999999999999996,-0.2,-0.5,0.3,0.2,0.0,0.2,5,2,0,1,1
2014-06-28,World Cup,2014,Round of 16,Brazil,Chile,1550.981698450662,1519.149475572937,31.832222877724917,2.0,1.2,0.8,2.2,1.2,1.0000000000000002,0.8,1.6,-0.8,1.4,-0.4,1.7999999999999998,0.6,0.4,0.19999999999999996,5,5,1,1,1
2014-06-28,World Cup,2014,Round of 16,Colombia,Uruguay,1543.1134478368476,1526.3116734438831,16.80177439296449,3.0,1.2,1.8,3.0,1.6,1.4,0.6666666666666666,2.0,-1.3333333333333335,2.3333333333333335,-0.4,2.7333333333333334,1.0,0.4,0.6,3,5,1,2,0
2014-06-29,World Cup,2014,Round of 16,Netherlands,Mexico,1606.5266656291367,1517.2792427567706,89.24742287236609,2.4,1.4,1.0,2.6,1.0,1.6,1.2,1.0,0.19999999999999996,1.4,0.0,1.4,0.8,0.4,0.4,5,5,1,2,1
2014-06-29,World Cup,2014,Round of 16,Costa Rica,Greece,1527.3514631622324,1489.2517863774556,38.099676784776875,2.3333333333333335,1.4,0.9333333333333336,1.3333333333333333,0.8,0.5333333333333332,0.3333333333333333,1.4,-1.0666666666666667,1.0,-0.6,1.6,0.6666666666666666,0.4,0.2666666666666666,3,5,1,1,1
2014-06-30,World Cup,2014,Round of 16,France,Nigeria,1501.1807989072984,1476.4705544148578,24.71024449244055,1.4,1.0,0.3999999999999999,1.8,1.2,0.6000000000000001,1.2,1.4,-0.19999999999999996,0.6,-0.2,0.8,0.4,0.2,0.2,5,5,1,2,0
2014-06-30,World Cup,2014,Round of 16,Germany,Algeria,1569.1831330349864,1474.2291905395027,94.95394249548372,2.0,1.0,1.0,2.0,1.2,0.8,1.0,1.2,-0.19999999999999996,1.0,0.0,1.0,0.6,0.2,0.39999999999999997,5,5,1,0,0
2014-07-01,World Cup,2014,Round of 16,Argentina,Switzerland,1578.21220051689,1510.1699826287715,68.04221788811856,2.4,1.4,1.0,1.8,1.4,0.40000000000000013,1.6,1.4,0.20000000000000018,0.2,0.0,0.2,0.8,0.4,0.4,5,5,1,0,0
2014-07-01,World Cup,2014,Round of 16,Belgium,USA,1540.6332330946047,1500.5625517152735,40.07068137933129,3.0,1.4,1.6,1.3333333333333333,1.2,0.1333333333333333,0.3333333333333333,1.2,-0.8666666666666667,1.0,0.0,1.0,1.0,0.4,0.6,3,5,1,0,0
2014-07-04,World Cup,2014,Quarter-finals,France,Germany,1515.1157670445068,1580.1827490009382,-65.06698195643139,2.0,2.6,-0.6000000000000001,2.2,2.4,-0.19999999999999973,0.8,1.0,-0.19999999999999996,1.4,1.4,0.0,0.6,0.8,-0.20000000000000007,5,5,1,0,1
2014-07-04,World Cup,2014,Quarter-finals,Brazil,Colombia,1549.611223504681,1557.3886218712678,-7.7773983665867945,1.6,3.0,-1.4,1.8,2.75,-0.95,1.0,0.5,0.5,0.8,2.25,-1.45,0.4,1.0,-0.6,5,4,1,2,1
2014-07-05,World Cup,2014,Quarter-finals,Argentina,Belgium,1590.311570741548,1553.910872684461,36.400698057086856,2.4,3.0,-0.6000000000000001,1.4,1.5,-0.10000000000000009,1.4,0.5,0.8999999999999999,0.0,1.0,-1.0,0.8,1.0,-0.19999999999999996,5,4,1,1,0
2014-07-05,World Cup,2014,Quarter-finals,Netherlands,Costa Rica,1617.756114904873,1525.7131297530314,92.04298515184155,2.4,2.0,0.3999999999999999,2.4,1.25,1.15,1.0,0.5,0.5,1.4,0.75,0.6499999999999999,0.8,0.5,0.30000000000000004,5,4,1,0,0
2014-07-08,World Cup,2014,Semi-finals,Brazil,Germany,1564.9469447093759,1592.405969240589,-27.459024531213117,2.2,2.6,-0.3999999999999999,2.0,2.0,0.0,0.8,0.6,0.20000000000000007,1.2,1.4,-0.19999999999999996,0.6,0.8,-0.20000000000000007,5,5,1,1,7
2014-07-09,World Cup,2014,Semi-finals,Netherlands,Argentina,1613.8727270015572,1603.745751254098,10.126975747459255,2.6,3.0,-0.3999999999999999,2.4,1.6,0.7999999999999998,0.8,0.6,0.20000000000000007,1.6,1.0,0.6000000000000001,0.8,1.0,-0.19999999999999996,5,5,1,0,0
2014-07-12,World Cup,2014,Match for third place,Brazil,Netherlands,1551.1299839208784,1613.4356340896218,-62.30565016874334,1.6,2.2,-0.6000000000000001,1.6,1.4,0.20000000000000018,2.0,0.6,1.4,-0.4,0.8,-1.2000000000000002,0.4,0.6,-0.19999999999999996,5,5,1,0,3
2014-07-13,World Cup,2014,Final,Germany,Argentina,1606.2229300290865,1604.1828441660334,2.0400858630530365,2.6,2.6,0.0,2.6,1.2,1.4000000000000001,0.8,0.4,0.4,1.8,0.8,1.0,0.8,0.8,0.0,5,5,1,0,0
2018-06-14,World Cup,2018,Matchday 1,Russia,Saudi Arabia,1484.4921095369773,1500.0,-15.507890463022704,0.6666666666666666,1.0,-0.33333333333333337,0.6666666666666666,1.0,-0.33333333333333337,1.0,1.0,0.0,-0.3333333333333333,0.0,-0.3333333333333333,0.0,0.33,-0.33,3,0,0,5,0
2018-06-15,World Cup,2018,Matchday 2,Egypt,Uruguay,1500.0,1512.036499409463,-12.036499409462976,1.0,1.2,-0.19999999999999996,1.0,1.2,-0.19999999999999996,1.0,1.8,-0.8,0.0,-0.6,0.6,0.33,0.4,-0.07,0,5,0,0,1
2018-06-15,World Cup,2018,Matchday 2,Morocco,Iran,1500.0,1470.4773033307267,29.522696669273273,1.0,0.3333333333333333,0.6666666666666667,1.0,0.3333333333333333,0.6666666666666667,1.0,1.3333333333333333,-0.33333333333333326,0.0,-1.0,1.0,0.33,0.0,0.33,0,3,0,0,1
2018-06-15,World Cup,2018,Matchday 2,Portugal,Spain,1503.8013745032918,1556.2346194243494,-52.43324492105762,1.0,1.8,-0.8,0.8,1.2,-0.3999999999999999,1.6,1.4,0.20000000000000018,-0.8,-0.2,-0.6000000000000001,0.2,0.6,-0.39999999999999997,5,5,0,3,3
2018-06-16,World Cup,2018,Matchday 3,France,Australia,1502.892546804856,1463.7970192774847,39.09552752737136,2.0,0.8,1.2,2.0,1.2,0.8,0.6,2.2,-1.6,1.4,-1.0,2.4,0.6,0.2,0.39999999999999997,5,5,0,2,1
2018-06-16,World Cup,2018,Matchday 3,Peru,Denmark,1500.0,1485.0,15.0,1.0,1.0,0.0,1.0,1.0,0.0,1.0,2.0,-1.0,0.0,-1.0,1.0,0.33,0.3333333333333333,-0.0033333333333332993,0,3,0,0,1
2018-06-16,World Cup,2018,Matchday 3,Argentina,Iceland,1589.2709207405994,1500.0,89.27092074059942,2.0,1.0,1.0,1.0,1.0,0.0,0.6,1.0,-0.4,0.4,0.0,0.4,0.6,0.33,0.26999999999999996,5,0,0,1,1
2018-06-16,World Cup,2018,Matchday 3,Croatia,Nigeria,1484.5397721694399,1462.5355862776494,22.004185891790485,1.0,1.0,0.0,2.0,1.0,1.0,2.0,1.4,0.6000000000000001,0.0,-0.4,0.4,0.3333333333333333,0.2,0.1333333333333333,3,5,0,2,0
2018-06-17,World Cup,2018,Matchday 4,Costa Rica,Serbia,1529.596517656347,1485.644794769132,43.951722887215055,1.8,1.0,0.8,1.0,0.6666666666666666,0.33333333333333337,0.4,1.0,-0.6,0.6,-0.3333333333333333,0.9333333333333333,0.4,0.3333333333333333,0.06666666666666671,5,3,0,0,1
2018-06-17,World Cup,2018,Matchday 4,Brazil,Switzerland,1538.791465609441,1498.0706124041137,40.72085320532733,1.4,1.4,0.0,1.6,1.4,0.20000000000000018,2.6,1.4,1.2000000000000002,-1.0,0.0,-1.0,0.4,0.4,0.0,5,5,0,1,1
2018-06-17,World Cup,2018,Matchday 4,Germany,Mexico,1621.1348534545205,1506.0497934810344,115.08505997348607,3.0,1.4,1.6,2.4,1.2,1.2,0.4,1.2,-0.7999999999999999,2.0,0.0,2.0,1.0,0.4,0.6,5,5,0,0,1
2018-06-18,World Cup,2018,Matchday 5,Sweden,South Korea,1500.0,1456.9952149016058,43.00478509839422,1.0,0.4,0.6,1.0,1.2,-0.19999999999999996,1.0,2.0,-1.0,0.0,-0.8,0.8,0.33,0.0,0.33,0,5,0,1,0
2018-06-18,World Cup,2018,Matchday 5,Belgium,Panama,1540.476692171911,1500.0,40.476692171911054,2.4,1.0,1.4,1.2,1.0,0.19999999999999996,0.6,1.0,-0.4,0.6,0.0,0.6,0.8,0.33,0.47000000000000003,5,0,0,3,0
2018-06-18,World Cup,2018,Matchday 5,Tunisia,England,1500.0,1472.458079150389,27.54192084961096,1.0,0.8,0.19999999999999996,1.0,0.8,0.19999999999999996,1.0,1.6,-0.6000000000000001,0.0,-0.8,0.8,0.33,0.2,0.13,0,5,0,1,2
2018-06-19,World Cup,2018,Matchday 6,Russia,Egypt,1500.1611947056801,1485.5194496551064,14.641745050573718,1.25,0.0,1.25,1.75,0.0,1.75,0.75,1.0,-0.25,1.0,-1.0,2.0,0.25,0.0,0.25,4,1,0,3,1
2018-06-19,World Cup,2018,Matchday 6,Colombia,Japan,1542.052900666573,1484.492194138488,57.56070652808489,2.4,1.0,1.4,2.4,1.0,1.4,0.8,1.4,-0.5999999999999999,1.6,-0.4,2.0,0.8,0.2,0.6000000000000001,5,5,0,1,2
2018-06-19,World Cup,2018,Matchday 6,Poland,Senegal,1500.0,1500.0,0.0,1.0,1.0,0.0,1.0,1.0,0.0,1.0,1.0,0.0,0.0,0.0,0.0,0.33,0.33,0.0,0,0,0,1,2
2018-06-20,World Cup,2018,Matchday 7,Uruguay,Saudi Arabia,1526.5170497543565,1484.3309148312972,42.1861349230594,1.8,0.0,1.8,1.0,0.0,1.0,1.2,5.0,-3.8,-0.2,-5.0,4.8,0.6,0.0,0.6,5,1,0,1,0
2018-06-20,World Cup,2018,Matchday 7,Portugal,Morocco,1506.0480690862144,1483.7284616083953,22.31960747781909,1.0,0.0,1.0,1.4,0.0,1.4,2.2,1.0,1.2000000000000002,-0.8,-1.0,0.19999999999999996,0.2,0.0,0.2,5,1,0,1,0
2018-06-20,World Cup,2018,Matchday 7,Iran,Spain,1486.7488417223315,1553.9879248414268,-67.23908311909531,1.0,1.4,-0.3999999999999999,0.5,1.6,-1.1,1.0,2.0,-1.0,-0.5,-0.4,-0.09999999999999998,0.25,0.4,-0.15000000000000002,4,5,0,0,1
2018-06-21,World Cup,2018,Matchday 8,Denmark,Australia,1500.6471999915343,1450.4778207072209,50.169379284313436,1.5,0.6,0.9,1.0,1.2,-0.19999999999999996,1.5,2.4,-0.8999999999999999,-0.5,-1.2,0.7,0.5,0.2,0.3,4,5,0,1,1
2018-06-21,World Cup,2018,Matchday 8,France,Peru,1516.2117453751198,1484.3528000084657,31.858945366654098,2.0,0.0,2.0,1.8,0.0,1.8,0.8,1.0,-0.19999999999999996,1.0,-1.0,2.0,0.6,0.0,0.6,5,1,0,1,0
2018-06-21,World Cup,2018,Matchday 8,Argentina,Croatia,1585.4994196501063,1498.5910432379312,86.90837641217513,1.6,1.5,0.10000000000000009,0.6,2.0,-1.4,0.4,1.5,-1.1,0.2,0.5,-0.3,0.4,0.5,-0.09999999999999998,5,4,0,0,3
2018-06-22,World Cup,2018,Matchday 9,Nigeria,Iceland,1448.484315209158,1503.771501090493,-55.28718588133506,0.8,1.0,-0.19999999999999996,0.6,1.0,-0.4,1.4,1.0,0.3999999999999999,-0.8,0.0,-0.8,0.2,0.0,0.2,5,1,0,2,0
2018-06-22,World Cup,2018,Matchday 9,Brazil,Costa Rica,1537.0414111010773,1512.7090270654799,24.332384035597443,1.0,1.2,-0.19999999999999996,1.0,0.4,0.6,2.6,0.4,2.2,-1.6,0.0,-1.6,0.2,0.2,0.0,5,5,0,2,0
2018-06-22,World Cup,2018,Matchday 9,Serbia,Switzerland,1502.5322853599992,1499.8206669124775,2.711618447521687,1.5,1.4,0.10000000000000009,0.75,1.6,-0.8500000000000001,0.75,1.6,-0.8500000000000001,0.0,0.0,0.0,0.5,0.4,0.09999999999999998,4,5,0,1,2
2018-06-23,World Cup,2018,Matchday 10,South Korea,Mexico,1443.8424565273756,1525.8443307060281,-82.00187417865254,0.2,2.0,-1.8,0.8,1.2,-0.3999999999999999,1.8,0.6,1.2000000000000002,-1.0,0.6,-1.6,0.0,0.6,-0.6,5,5,0,1,2
2018-06-23,World Cup,2018,Matchday 10,Germany,Sweden,1601.3403162295267,1513.1527583742302,88.18755785529652,2.4,3.0,-0.6000000000000001,2.2,1.0,1.2000000000000002,0.6,0.0,0.6,1.6,1.0,0.6000000000000001,0.8,1.0,-0.19999999999999996,5,1,0,2,1
2018-06-23,World Cup,2018,Matchday 10,Belgium,Tunisia,1553.7370363061348,1483.81340419593,69.92363211020484,2.4,0.0,2.4,1.4,1.0,0.3999999999999999,0.4,2.0,-1.6,1.0,-1.0,2.0,0.8,0.0,0.8,5,1,0,5,2
2018-06-24,World Cup,2018,Matchday 11,England,Panama,1488.644674954459,1486.7396558657763,1.9050190886828204,0.8,0.0,0.8,1.0,0.0,1.0,1.8,3.0,-1.2,-0.8,-3.0,2.2,0.2,0.0,0.2,5,1,0,6,1
2018-06-24,World Cup,2018,Matchday 11,Japan,Senegal,1501.9547998895266,1515.0,-13.045200110473388,1.0,3.0,-2.0,0.8,2.0,-1.2,1.4,1.0,0.3999999999999999,-0.6,1.0,-1.6,0.2,1.0,-0.8,5,1,0,2,2
2018-06-24,World Cup,2018,Matchday 11,Poland,Colombia,1485.0,1524.5902949155343,-39.59029491553429,0.0,1.8,-1.8,1.0,2.0,-1.0,2.0,1.2,0.8,-1.0,0.8,-1.8,0.0,0.6,-0.6,1,5,0,0,3
2018-06-25,World Cup,2018,Matchday 12,Uruguay,Russia,1539.7046261175312,1514.5294337109383,25.17519240659294,2.4,1.6,0.7999999999999998,1.0,2.0,-1.0,0.6,0.8,-0.20000000000000007,0.4,1.2,-0.7999999999999999,0.8,0.4,0.4,5,5,0,3,0
2018-06-25,World Cup,2018,Matchday 12,Saudi Arabia,Egypt,1471.1433384681225,1471.1512106498483,-0.007872181725815608,0.0,0.0,0.0,0.0,0.5,-0.5,3.0,2.0,1.0,-3.0,-1.5,-1.5,0.0,0.0,0.0,2,2,0,2,1
2018-06-25,World Cup,2018,Matchday 12,Iran,Portugal,1474.6160791195853,1520.0857775692853,-45.46969844969999,0.8,1.6,-0.8,0.4,1.6,-1.2000000000000002,1.0,2.0,-1.0,-0.6,-0.4,-0.19999999999999996,0.2,0.4,-0.2,5,5,0,1,1
2018-06-25,World Cup,2018,Matchday 12,Spain,Morocco,1566.120687444173,1469.6907531253244,96.42993431884861,1.4,0.0,1.4,1.6,0.0,1.6,2.0,1.0,1.0,-0.4,-1.0,0.6,0.4,0.0,0.4,5,2,0,2,2
2018-06-26,World Cup,2018,Matchday 13,Denmark,France,1498.496143660404,1529.8401263651979,-31.343982704793916,1.4,2.0,-0.6000000000000001,1.0,1.0,0.0,1.4,0.4,0.9999999999999999,-0.4,0.6,-1.0,0.4,0.6,-0.19999999999999996,5,5,0,0,0
2018-06-26,World Cup,2018,Matchday 13,Australia,Peru,1452.6288770383512,1470.7244190183876,-18.095541980036387,0.2,0.0,0.2,1.0,0.0,1.0,2.4,1.0,1.4,-1.4,-1.0,-0.3999999999999999,0.0,0.0,0.0,5,2,0,0,2
2018-06-26,World Cup,2018,Matchday 13,Nigeria,Argentina,1465.851309425792,1566.8236317011833,-100.97232227539143,1.2,1.0,0.19999999999999996,1.0,0.4,0.6,1.4,1.0,0.3999999999999999,-0.4,-0.6,0.19999999999999996,0.4,0.2,0.2,5,5,0,1,2
2018-06-26,World Cup,2018,Matchday 13,Iceland,Croatia,1486.4045068738592,1517.2668311868542,-30.862324312995042,0.5,1.8,-1.3,0.5,2.2,-1.7000000000000002,1.5,1.2,0.30000000000000004,-1.0,1.0,-2.0,0.0,0.6,-0.6,2,5,0,1,2
2018-06-27,World Cup,2018,Matchday 14,Serbia,Brazil,1487.4152177579272,1550.9926117911311,-63.57739403320397,1.2,1.4,-0.19999999999999996,0.8,1.2,-0.3999999999999999,1.0,2.4,-1.4,-0.2,-1.2,1.0,0.4,0.4,0.0,5,5,0,0,2
2018-06-27,World Cup,2018,Matchday 14,Switzerland,Costa Rica,1514.9377345145494,1498.757826375426,16.179908139123427,1.4,0.6,0.7999999999999999,1.6,0.2,1.4000000000000001,1.6,0.8,0.8,0.0,-0.6,0.6,0.4,0.0,0.4,5,5,0,2,2
2018-06-27,World Cup,2018,Matchday 14,South Korea,Germany,1432.3184562247295,1612.6126650097065,-180.29420878497695,0.2,2.4,-2.1999999999999997,0.8,2.2,-1.4000000000000001,1.8,0.6,1.2000000000000002,-1.0,1.6,-2.6,0.0,0.8,-0.8,5,5,0,2,0
2018-06-27,World Cup,2018,Matchday 14,Mexico,Sweden,1537.3683310086742,1501.8804095940504,35.48792141462377,2.0,1.5,0.5,1.4,1.0,0.3999999999999999,0.8,1.0,-0.19999999999999996,0.6,0.0,0.6,0.6,0.5,0.09999999999999998,5,2,0,0,3
2018-06-28,World Cup,2018,Matchday 15,England,Belgium,1503.562429493258,1565.7582993135923,-62.19586982033434,1.4,2.4,-1.0,2.0,2.2,-0.20000000000000018,1.2,0.8,0.3999999999999999,0.8,1.4,-0.5999999999999999,0.4,0.8,-0.4,5,5,0,0,1
2018-06-28,World Cup,2018,Matchday 15,Panama,Tunisia,1471.8219013269775,1471.7921411884724,0.02976013850502568,0.0,0.0,0.0,0.5,1.5,-1.0,4.5,3.5,1.0,-4.0,-2.0,-2.0,0.0,0.0,0.0,2,2,0,1,2
2018-06-28,World Cup,2018,Matchday 15,Japan,Poland,1502.5177419340175,1471.7018906695998,30.815851264417688,1.0,0.0,1.0,1.2,0.5,0.7,1.8,2.5,-0.7,-0.6,-2.0,1.4,0.2,0.0,0.2,5,2,0,0,1
2018-06-28,World Cup,2018,Matchday 15,Senegal,Colombia,1514.437057955509,1537.8884042459345,-23.451346290425363,2.0,1.8,0.19999999999999996,2.0,2.2,-0.20000000000000018,1.5,1.0,0.5,0.5,1.2,-0.7,0.5,0.6,-0.09999999999999998,2,5,0,0,1
2018-06-30,World Cup,2018,Round of 16,France,Argentina,1528.4905571538304,1577.5830277574669,-49.09247060363646,2.0,1.0,1.0,1.0,0.6,0.4,0.4,1.2,-0.7999999999999999,0.6,-0.6,1.2,0.6,0.2,0.39999999999999997,5,5,1,4,3
2018-06-30,World Cup,2018,Round of 16,Uruguay,Portugal,1553.6196239452674,1518.133824248177,35.48579969709044,2.4,1.8,0.5999999999999999,1.2,1.8,-0.6000000000000001,0.4,1.4,-0.9999999999999999,0.8,0.4,0.4,0.8,0.4,0.4,5,5,1,2,1
2018-07-01,World Cup,2018,Round of 16,Spain,Russia,1562.061179394884,1500.614435883202,61.446743511681916,1.6,1.4,0.20000000000000018,1.8,1.8,0.0,1.4,1.2,0.19999999999999996,0.4,0.6,-0.19999999999999996,0.4,0.4,0.0,5,5,1,1,1
2018-07-01,World Cup,2018,Round of 16,Croatia,Denmark,1530.937891068771,1499.8457128717714,31.092178196999612,2.4,1.6,0.7999999999999998,2.4,1.0,1.4,0.8,1.0,-0.19999999999999996,1.6,0.0,1.6,0.8,0.4,0.4,5,5,1,1,1
2018-07-02,World Cup,2018,Round of 16,Brazil,Mexico,1563.2779878043743,1520.841500439447,42.436487364927416,1.4,1.8,-0.40000000000000013,1.2,1.4,-0.19999999999999996,2.2,1.4,0.8000000000000003,-1.0,0.0,-1.0,0.4,0.6,-0.19999999999999996,5,5,1,2,0
2018-07-02,World Cup,2018,Round of 16,Belgium,Japan,1578.1014082681017,1486.1907924935424,91.91061577455935,2.4,1.0,1.4,2.2,1.0,1.2000000000000002,0.8,1.6,-0.8,1.4,-0.6,2.0,0.8,0.2,0.6000000000000001,5,5,1,3,2
2018-07-03,World Cup,2018,Round of 16,Sweden,Switzerland,1518.4072401632777,1514.2396962714972,4.167543891780497,2.0,1.6,0.3999999999999999,1.6666666666666667,1.6,0.06666666666666665,0.6666666666666666,1.0,-0.33333333333333337,1.0,0.6,0.4,0.6666666666666666,0.4,0.2666666666666666,3,5,1,1,0
2018-07-03,World Cup,2018,Round of 16,Colombia,England,1551.877463066858,1491.2193205387484,60.658142528109465,1.8,1.4,0.40000000000000013,1.6,1.8,-0.19999999999999996,0.8,1.0,-0.19999999999999996,0.8,0.8,0.0,0.6,0.4,0.19999999999999996,5,5,1,1,1
2018-07-06,World Cup,2018,Quarter-finals,Uruguay,France,1567.0928840289241,1545.5960556254258,21.496828403498284,2.4,2.0,0.3999999999999999,1.4,1.4,0.0,0.6,1.0,-0.4,0.8,0.4,0.4,0.8,0.6,0.20000000000000007,5,5,1,0,2
2018-07-06,World Cup,2018,Quarter-finals,Brazil,Belgium,1576.4549143123963,1589.22335269643,-12.768438384033743,2.0,2.4,-0.3999999999999999,1.4,2.4,-1.0,0.8,1.0,-0.19999999999999996,0.6,1.4,-0.7999999999999999,0.6,0.8,-0.20000000000000007,5,5,1,1,2
2018-07-07,World Cup,2018,Quarter-finals,Sweden,England,1533.2273214590787,1493.811855394285,39.41546606479369,2.25,1.6,0.6499999999999999,1.5,1.8,-0.30000000000000004,0.5,0.8,-0.30000000000000004,1.0,1.0,0.0,0.75,0.4,0.35,4,5,1,0,2
2018-07-07,World Cup,2018,Quarter-finals,Russia,Croatia,1503.2399873241225,1529.599105832058,-26.35911850793559,1.6,2.0,-0.3999999999999999,2.0,1.8,0.19999999999999996,1.2,1.0,0.19999999999999996,0.8,0.8,0.0,0.4,0.6,-0.19999999999999996,5,5,1,1,1
2018-07-10,World Cup,2018,Semi-finals,France,Belgium,1561.522965799645,1603.6723429409965,-42.14937714135158,2.6,3.0,-0.3999999999999999,1.8,2.8,-0.9999999999999998,0.8,1.0,-0.19999999999999996,1.0,1.8,-0.8,0.8,1.0,-0.19999999999999996,5,5,1,1,0
2018-07-11,World Cup,2018,Semi-finals,Croatia,England,1528.4632696239898,1510.5062948361003,17.95697478788952,2.2,2.0,0.20000000000000018,2.0,2.2,-0.20000000000000018,0.8,0.8,0.0,1.2,1.4,-0.19999999999999996,0.6,0.6,0.0,5,5,1,1,1
2018-07-14,World Cup,2018,Match for third place,Belgium,England,1586.8614831163795,1496.280870180154,90.58061293622563,2.4,1.4,1.0,2.2,2.0,0.20000000000000018,1.2,1.0,0.19999999999999996,1.0,1.0,0.0,0.8,0.4,0.4,5,5,1,2,0
2018-07-15,World Cup,2018,Final,France,Croatia,1578.3338256242619,1542.6886942799363,35.64513134432559,2.6,2.2,0.3999999999999999,1.6,2.0,-0.3999999999999999,0.6,1.0,-0.4,1.0,1.0,0.0,0.8,0.6,0.20000000000000007,5,5,1,4,2
2021-06-11,European Championship,2020,Matchday 1,Turkey,Italy,1500.0,1471.8514535111995,28.148546488800548,1.0,0.8,0.19999999999999996,1.0,1.0,0.0,1.0,1.4,-0.3999999999999999,0.0,-0.4,0.4,0.33,0.2,0.13,0,5,0,0,3
2021-06-12,European Championship,2020,Matchday 1,Wales,Switzerland,1500.0,1499.4196149756963,0.5803850243037232,1.0,1.0,0.0,1.0,1.0,0.0,1.0,1.2,-0.19999999999999996,0.0,-0.2,0.2,0.33,0.2,0.13,0,5,0,1,1
2021-06-12,European Championship,2020,Matchday 1,Denmark,Finland,1501.1844981084844,1500.0,1.1844981084843766,1.2,1.0,0.19999999999999996,0.8,1.0,-0.19999999999999996,1.0,1.0,0.0,-0.2,0.0,-0.2,0.2,0.33,-0.13,5,0,0,0,1
2021-06-12,European Championship,2020,Matchday 1,Belgium,Russia,1598.037063114602,1504.3758235321907,93.66123958241133,2.4,1.6,0.7999999999999998,1.6,2.2,-0.6000000000000001,0.8,1.4,-0.5999999999999999,0.8,0.8,0.0,0.8,0.4,0.4,5,5,0,3,0
2021-06-13,European Championship,2020,Matchday 1,Austria,North Macedonia,1500.0,1500.0,0.0,1.0,1.0,0.0,1.0,1.0,0.0,1.0,1.0,0.0,0.0,0.0,0.0,0.33,0.33,0.0,0,0,0,3,1
2021-06-13,European Championship,2020,Matchday 1,Netherlands,Ukraine,1625.7741524010592,1500.0,125.77415240105915,2.2,1.0,1.2000000000000002,1.4,1.0,0.3999999999999999,0.2,1.0,-0.8,1.2,0.0,1.2,0.6,0.33,0.26999999999999996,5,0,0,3,2
2021-06-13,European Championship,2020,Matchday 1,England,Croatia,1485.1052901819314,1529.2222415148174,-44.11695133288595,0.8,1.6,-0.8,0.8,1.8,-1.0,1.2,1.8,-0.6000000000000001,-0.4,0.0,-0.4,0.2,0.4,-0.2,5,5,0,1,0
2021-06-14,European Championship,2020,Matchday 1,Scotland,Czech Republic,1500.0,1500.0,0.0,1.0,1.0,0.0,1.0,1.0,0.0,1.0,1.0,0.0,0.0,0.0,0.0,0.33,0.33,0.0,0,0,0,0,2
2021-06-14,European Championship,2020,Matchday 1,Poland,Slovakia,1488.028840110075,1487.442676548363,0.5861635617120555,1.0,1.0,0.0,0.6666666666666666,1.25,-0.5833333333333334,1.6666666666666667,1.75,-0.08333333333333326,-1.0,-0.5,-0.5,0.3333333333333333,0.25,0.08333333333333331,3,4,0,1,2
2021-06-14,European Championship,2020,Matchday 1,Spain,Sweden,1559.4356279539636,1516.5328820172633,42.902745936700285,1.8,1.8,0.0,2.0,1.2,0.8,1.2,0.8,0.3999999999999999,0.8,0.4,0.4,0.4,0.6,-0.19999999999999996,5,5,0,0,0
2021-06-15,European Championship,2020,Matchday 1,Hungary,Portugal,1500.0,1504.6605641645203,-4.660564164520338,1.0,1.6,-0.6000000000000001,1.0,1.6,-0.6000000000000001,1.0,1.4,-0.3999999999999999,0.0,0.2,-0.2,0.33,0.4,-0.07,0,5,0,0,3
2021-06-15,European Championship,2020,Matchday 1,France,Germany,1591.8002783893808,1590.4595765896522,1.3407017997285493,2.6,1.8,0.8,2.2,2.0,0.20000000000000018,1.0,1.0,0.0,1.2,1.0,0.19999999999999996,0.8,0.6,0.20000000000000007,5,5,0,1,0
2021-06-16,European Championship,2020,Matchday 2,Turkey,Wales,1483.7873815756527,1499.9749427875859,-16.187561211933144,0.0,1.0,-1.0,0.0,1.0,-1.0,3.0,1.0,2.0,-3.0,0.0,-3.0,0.0,0.0,0.0,1,1,0,0,2
2021-06-16,European Championship,2020,Matchday 2,Italy,Switzerland,1488.0640719355467,1499.4446721881104,-11.380600252563681,1.2,1.2,0.0,1.4,1.2,0.19999999999999996,1.2,1.2,0.0,0.2,0.0,0.2,0.4,0.2,0.2,5,5,0,3,0
2021-06-16,European Championship,2020,Matchday 2,Finland,Russia,1515.0511386960075,1493.3243153496535,21.726823346353967,3.0,1.0,2.0,1.0,1.2,-0.19999999999999996,0.0,2.0,-2.0,1.0,-0.8,1.8,1.0,0.2,0.8,1,5,0,0,1
2021-06-17,European Championship,2020,Matchday 2,Denmark,Belgium,1486.133359412477,1609.0885712971392,-122.95521188466228,1.2,2.4,-1.2,0.6,2.0,-1.4,0.6,0.8,-0.20000000000000007,0.0,1.2,-1.2,0.2,0.8,-0.6000000000000001,5,5,0,1,2
2021-06-17,European Championship,2020,Matchday 2,Ukraine,North Macedonia,1490.2047108797979,1485.0,5.204710879797858,0.0,0.0,0.0,2.0,1.0,1.0,3.0,3.0,0.0,-1.0,-2.0,1.0,0.0,0.0,0.0,1,1,0,2,1
2021-06-17,European Championship,2020,Matchday 2,Netherlands,Austria,1635.5694415212613,1515.0,120.5694415212613,2.2,3.0,-0.7999999999999998,1.6,3.0,-1.4,0.6,1.0,-0.4,1.0,2.0,-1.0,0.6,1.0,-0.4,5,1,0,2,0
2021-06-18,European Championship,2020,Matchday 2,Croatia,Czech Republic,1512.3277308098316,1515.0,-2.6722691901684357,1.0,3.0,-2.0,1.4,2.0,-0.6000000000000001,1.8,0.0,1.8,-0.4,2.0,-2.4,0.2,1.0,-0.8,5,1,0,1,1
2021-06-18,European Championship,2020,Matchday 2,England,Scotland,1501.9998008869172,1485.0,16.999800886917228,1.4,0.0,1.4,1.0,0.0,1.0,1.0,2.0,-1.0,0.0,-2.0,2.0,0.4,0.0,0.4,5,1,0,0,0
2021-06-18,European Championship,2020,Matchday 2,Sweden,Slovakia,1518.3757849126157,1502.4679832395884,15.90780167302728,1.4,1.4,0.0,1.0,1.4,-0.3999999999999999,0.8,1.6,-0.8,0.2,-0.2,0.4,0.4,0.4,0.0,5,5,0,1,0
2021-06-19,European Championship,2020,Matchday 2,Spain,Poland,1557.5927250586112,1473.0035334188494,84.5891916397618,1.4,0.75,0.6499999999999999,1.4,0.75,0.6499999999999999,1.2,1.75,-0.55,0.2,-1.0,1.2,0.2,0.25,-0.04999999999999999,5,4,0,1,1
2021-06-19,European Championship,2020,Matchday 2,Hungary,France,1485.2012006615512,1606.742395927093,-121.54119526554177,0.0,3.0,-3.0,0.0,2.4,-2.4,3.0,1.0,2.0,-3.0,1.4,-4.4,0.0,1.0,-1.0,1,5,0,1,1
2021-06-19,European Championship,2020,Matchday 2,Portugal,Germany,1519.4593635029692,1575.51745905194,-56.05809554897087,1.6,1.2,0.40000000000000013,1.8,0.6,1.2000000000000002,1.2,1.0,0.19999999999999996,0.6,-0.4,1.0,0.4,0.4,0.0,5,5,0,2,4
2021-06-20,European Championship,2020,Matchday 3,Switzerland,Turkey,1483.9535078321871,1469.4857495125486,14.467758319638506,1.0,0.0,1.0,1.0,0.0,1.0,1.6,2.5,-0.8999999999999999,-0.6,-2.5,1.9,0.2,0.0,0.2,5,2,0,3,1
2021-06-20,European Championship,2020,Matchday 3,Italy,Wales,1503.55523629147,1514.27657485069,-10.72133855921993,1.8,2.0,-0.19999999999999996,1.6,1.5,0.10000000000000009,0.6,0.5,0.09999999999999998,1.0,1.0,0.0,0.6,0.5,0.09999999999999998,5,2,0,1,0
2021-06-21,European Championship,2020,Matchday 3,Russia,Denmark,1509.2611168812066,1476.2307195456967,33.03039733550986,1.0,0.6,0.4,0.8,0.6,0.20000000000000007,1.8,1.0,0.8,-1.0,-0.4,-0.6,0.2,0.0,0.2,5,5,0,1,4
2021-06-21,European Championship,2020,Matchday 3,Finland,Belgium,1499.1143371644544,1618.9912111639194,-119.87687399946503,1.5,2.4,-0.8999999999999999,0.5,1.8,-1.3,0.5,0.6,-0.09999999999999998,0.0,1.2,-1.2,0.5,0.8,-0.30000000000000004,2,5,0,0,2
2021-06-21,European Championship,2020,Matchday 3,North Macedonia,Netherlands,1470.2246886242967,1645.5634003259888,-175.3387117016921,0.0,2.2,-2.2,1.0,1.6,-0.6000000000000001,2.5,0.4,2.1,-1.5,1.2,-2.7,0.0,0.6,-0.6,2,5,0,0,3
2021-06-21,European Championship,2020,Matchday 3,Ukraine,Austria,1504.9800222555011,1505.0060411952725,-0.026018939771347505,1.5,1.5,0.0,2.0,1.5,0.5,2.0,1.5,0.5,0.0,0.0,0.0,0.5,0.5,0.0,2,2,0,0,1
2021-06-22,European Championship,2020,Matchday 3,Croatia,Scotland,1512.443099669885,1485.733355257765,26.709744412120017,1.0,0.5,0.5,1.4,0.0,1.4,1.8,1.0,0.8,-0.4,-1.0,0.6,0.2,0.0,0.2,5,2,0,3,1
2021-06-22,European Championship,2020,Matchday 3,Czech Republic,England,1514.8846311399466,1501.2664456291523,13.61818551079432,2.0,1.4,0.6000000000000001,1.5,0.8,0.7,0.5,0.8,-0.30000000000000004,1.0,0.0,1.0,0.5,0.4,0.09999999999999998,2,5,0,0,1
2021-06-23,European Championship,2020,Matchday 3,Slovakia,Spain,1488.154298718159,1554.0112044478788,-65.85690572971976,1.2,1.4,-0.19999999999999996,1.2,1.0,0.19999999999999996,1.6,0.8,0.8,-0.4,0.2,-0.6000000000000001,0.4,0.2,0.2,5,5,0,0,5
2021-06-23,European Championship,2020,Matchday 3,Sweden,Poland,1532.6894694340451,1476.585054029582,56.104415404463225,2.0,0.8,1.2,1.0,0.8,0.19999999999999996,0.4,1.6,-1.2000000000000002,0.6,-0.8,1.4,0.6,0.2,0.39999999999999997,5,5,0,3,2
2021-06-23,European Championship,2020,Matchday 3,Portugal,France,1506.8588003860796,1601.6991084392707,-94.84030805319117,1.4,2.6,-1.2000000000000002,1.6,1.8,-0.19999999999999996,1.4,0.6,0.7999999999999999,0.2,1.2,-1.0,0.4,0.8,-0.4,5,5,0,2,2
2021-06-23,European Championship,2020,Matchday 3,Germany,Hungary,1588.1180221688296,1490.2444881493734,97.8735340194562,1.2,0.5,0.7,1.2,0.5,0.7,1.4,2.0,-0.6000000000000001,-0.2,-1.5,1.3,0.4,0.0,0.4,5,2,0,2,2
2021-06-26,European Championship,2020,Round of 16,Wales,Denmark,1498.8138443252822,1492.6524756661495,6.161368659132677,1.3333333333333333,1.0,0.33333333333333326,1.0,1.2,-0.19999999999999996,0.6666666666666666,1.0,-0.33333333333333337,0.3333333333333333,0.2,0.1333333333333333,0.3333333333333333,0.2,0.1333333333333333,3,5,1,0,4
2021-06-26,European Championship,2020,Round of 16,Italy,Austria,1519.0179668168778,1520.004917867346,-0.9869510504681784,1.8,2.0,-0.19999999999999996,1.4,1.3333333333333333,0.06666666666666665,0.4,1.0,-0.6,1.0,0.3333333333333333,0.6666666666666667,0.6,0.6666666666666666,-0.06666666666666665,5,3,1,0,0
2021-06-27,European Championship,2020,Round of 16,Netherlands,Czech Republic,1653.5767256049692,1499.2969877206028,154.27973788436634,2.6,1.3333333333333333,1.2666666666666668,2.2,1.0,1.2000000000000002,0.4,0.6666666666666666,-0.2666666666666666,1.8,0.3333333333333333,1.4666666666666668,0.8,0.3333333333333333,0.46666666666666673,5,3,1,0,2
2021-06-27,European Championship,2020,Round of 16,Belgium,Portugal,1629.0117578490533,1510.8546269671433,118.15713088191,2.4,1.0,1.4,1.8,1.8,0.0,0.4,1.8,-1.4,1.4,0.0,1.4,0.8,0.2,0.6000000000000001,5,5,1,1,0
2021-06-28,European Championship,2020,Round of 16,Croatia,Spain,1526.292213677896,1566.2015035480028,-39.90928987010693,1.4,1.4,0.0,1.6,1.8,-0.19999999999999996,1.6,0.8,0.8,0.0,1.0,-1.0,0.4,0.2,0.2,5,5,1,3,3
2021-06-28,European Championship,2020,Round of 16,France,Switzerland,1597.703281858207,1498.3292452813032,99.37403657690379,2.2,1.0,1.2000000000000002,1.8,1.2,0.6000000000000001,1.0,1.6,-0.6000000000000001,0.8,-0.4,1.2000000000000002,0.6,0.2,0.39999999999999997,5,5,1,3,3
2021-06-29,European Championship,2020,Round of 16,England,Germany,1516.854089048496,1584.0008189860023,-67.14672993750628,1.4,1.4,0.0,0.6,1.6,-1.0,0.8,1.6,-0.8,-0.2,0.0,-0.2,0.4,0.4,0.0,5,5,1,2,0
2021-06-29,European Championship,2020,Round of 16,Sweden,Ukraine,1545.2880839741626,1489.9811455834276,55.30693839073501,2.0,1.0,1.0,1.0,1.3333333333333333,-0.33333333333333326,0.8,1.6666666666666667,-0.8666666666666667,0.2,-0.3333333333333333,0.5333333333333333,0.6,0.3333333333333333,0.26666666666666666,5,3,1,1,1
2021-07-02,European Championship,2020,Quarter-finals,Switzerland,Spain,1502.5062784423394,1579.4860194679236,-76.97974102558419,1.0,1.8,-0.8,1.4,2.4,-1.0,1.8,1.0,0.8,-0.4,1.4,-1.7999999999999998,0.2,0.4,-0.2,5,5,1,1,1
2021-07-02,European Championship,2020,Quarter-finals,Belgium,Italy,1639.098477970629,1534.0605768043213,105.03790116630762,3.0,2.4,0.6000000000000001,2.0,1.8,0.19999999999999996,0.2,0.4,-0.2,1.8,1.4,0.40000000000000013,1.0,0.8,0.19999999999999996,5,5,1,1,2
2021-07-03,European Championship,2020,Quarter-finals,Czech Republic,Denmark,1520.5519598899427,1507.9184554521457,12.633504437797,1.75,1.4,0.3500000000000001,1.25,2.0,-0.75,0.5,1.0,-0.5,0.75,1.0,-0.25,0.5,0.4,0.09999999999999998,4,5,1,1,2
2021-07-03,European Championship,2020,Quarter-finals,Ukraine,England,1507.3489713420388,1534.7174847278695,-27.368513385830738,1.5,2.0,-0.5,1.5,0.8,0.7,1.5,0.4,1.1,0.0,0.4,-0.4,0.5,0.6,-0.09999999999999998,4,5,1,0,4
2021-07-06,European Championship,2020,Semi-final,Italy,Spain,1553.4621375502713,1576.2158744348744,-22.753736884603086,3.0,1.8,1.2,2.2,2.4,-0.19999999999999973,0.4,1.0,-0.6,1.8,1.4,0.40000000000000013,1.0,0.4,0.6,5,5,1,1,1
2021-07-07,European Championship,2020,Semi-final,England,Denmark,1548.538328969143,1523.463647419062,25.074681550081095,2.6,1.8,0.8,1.6,2.2,-0.6000000000000001,0.0,1.0,-1.0,1.6,1.2,0.40000000000000013,0.8,0.6,0.20000000000000007,5,5,1,1,1
2021-07-11,European Championship,2020,Final,Italy,England,1554.4430932967384,1562.4576435852612,-8.014550288522742,2.6,2.6,0.0,1.8,1.8,0.0,0.6,0.2,0.39999999999999997,1.2,1.6,-0.40000000000000013,0.8,0.8,0.0,5,5,1,1,1
2022-11-20,World Cup,2022,Matchday 1,Qatar,Ecuador,1500.0,1498.8192010927016,1.1807989072983673,1.0,1.3333333333333333,-0.33333333333333326,1.0,1.0,0.0,1.0,1.0,0.0,0.0,0.0,0.0,0.33,0.3333333333333333,-0.0033333333333332993,0,3,0,0,2
2022-11-21,World Cup,2022,Matchday 2,Senegal,Netherlands,1500.4479991345856,1632.3217534356293,-131.87375430104362,1.3333333333333333,2.4,-1.0666666666666667,1.3333333333333333,2.2,-0.8666666666666669,1.3333333333333333,0.8,0.5333333333333332,0.0,1.4,-1.4,0.3333333333333333,0.8,-0.46666666666666673,3,5,0,0,2
2022-11-21,World Cup,2022,Matchday 2,England,Iran,1562.1116889958212,1476.5680324406935,85.54365655512765,2.6,0.8,1.8,2.0,0.6,1.4,0.4,1.2,-0.7999999999999999,1.6,-0.6,2.2,0.8,0.2,0.6000000000000001,5,5,0,6,2
2022-11-21,World Cup,2022,Matchday 2,USA,Wales,1487.2849121254171,1483.547864539286,3.7370475861312116,0.8,1.0,-0.19999999999999996,1.2,0.75,0.44999999999999996,1.6,1.5,0.10000000000000009,-0.4,-0.75,0.35,0.2,0.25,-0.04999999999999999,5,4,0,1,1
2022-11-22,World Cup,2022,Matchday 3,Argentina,Saudi Arabia,1560.4775292858715,1486.143678337528,74.33385094834352,0.8,1.0,-0.19999999999999996,1.2,0.6666666666666666,0.5333333333333333,2.0,2.3333333333333335,-0.3333333333333335,-0.8,-1.6666666666666667,0.8666666666666667,0.2,0.3333333333333333,-0.1333333333333333,5,3,0,1,2
2022-11-22,World Cup,2022,Matchday 3,Mexico,Poland,1507.664573931425,1463.9864394894644,43.67813444196054,1.2,0.8,0.3999999999999999,0.8,1.0,-0.19999999999999996,1.6,1.8,-0.19999999999999996,-0.8,-0.8,0.0,0.4,0.2,0.2,5,5,0,0,0
2022-11-22,World Cup,2022,Matchday 3,Denmark,Tunisia,1509.544332802944,1486.793426036931,22.75090676601303,1.8,1.0,0.8,2.4,1.6666666666666667,0.7333333333333332,1.2,2.6666666666666665,-1.4666666666666666,1.2,-1.0,2.2,0.6,0.3333333333333333,0.26666666666666666,5,3,0,0,0
2022-11-22,World Cup,2022,Matchday 3,France,Australia,1593.5262486971708,1438.4094187335347,155.11682996363606,1.8,0.2,1.6,2.2,0.8,1.4000000000000001,1.6,2.2,-0.6000000000000001,0.6,-1.4,2.0,0.4,0.0,0.4,5,5,0,4,1
2022-11-23,World Cup,2022,Matchday 4,Germany,Japan,1566.1374233066288,1475.068848065214,91.06857524141469,0.8,0.8,0.0,1.2,1.4,-0.19999999999999996,1.8,2.2,-0.40000000000000013,-0.6,-0.8,0.20000000000000007,0.2,0.2,0.0,5,5,0,1,2
2022-11-23,World Cup,2022,Matchday 4,Spain,Costa Rica,1575.2349186884073,1499.4558646184782,75.77905406992909,1.8,0.6,1.2000000000000002,2.6,0.6,2.0,1.2,1.2,0.0,1.4,-0.6,2.0,0.4,0.0,0.4,5,5,0,7,0
2022-11-23,World Cup,2022,Matchday 4,Morocco,Croatia,1473.7502611746133,1513.0076977579752,-39.25743658336182,0.3333333333333333,0.8,-0.46666666666666673,0.6666666666666666,1.8,-1.1333333333333333,1.3333333333333333,2.4,-1.0666666666666667,-0.6666666666666666,-0.6,-0.06666666666666665,0.0,0.2,-0.2,3,5,0,0,0
2022-11-23,World Cup,2022,Matchday 4,Belgium,Canada,1619.6969172246788,1500.0,119.69691722467883,2.4,1.0,1.4,1.8,1.0,0.8,0.6,1.0,-0.4,1.2,0.0,1.2,0.8,0.33,0.47000000000000003,5,0,0,1,0
2022-11-24,World Cup,2022,Matchday 5,Switzerland,Cameroon,1505.7764234753886,1420.2428155168489,85.53360795853973,1.2,0.0,1.2,1.6,0.6,1.0,1.8,2.6,-0.8,-0.2,-2.0,1.8,0.2,0.0,0.2,5,5,0,1,0
2022-11-24,World Cup,2022,Matchday 5,Brazil,Serbia,1562.00592406783,1475.129841744684,86.87608232314597,2.0,1.2,0.8,1.6,0.8,0.8,0.6,1.2,-0.6,1.0,-0.4,1.4,0.6,0.4,0.19999999999999996,5,5,0,2,0
2022-11-24,World Cup,2022,Matchday 5,Uruguay,South Korea,1551.165973854705,1454.4715446447838,96.69442920992128,2.4,0.6,1.7999999999999998,1.4,1.0,0.3999999999999999,0.6,1.6,-1.0,0.8,-0.6,1.4,0.8,0.2,0.6000000000000001,5,5,0,0,0
2022-11-24,World Cup,2022,Matchday 5,Portugal,Ghana,1500.7679068455677,1486.3323025943985,14.435604251169252,0.8,1.0,-0.19999999999999996,1.6,1.4,0.20000000000000018,1.8,1.6,0.19999999999999996,-0.2,-0.2,0.0,0.2,0.2,0.0,5,5,0,3,2
2022-11-25,World Cup,2022,Matchday 6,Qatar,Senegal,1484.9490210094955,1490.8829198939798,-5.933898884484279,0.0,1.0,-1.0,0.0,1.0,-1.0,2.0,1.5,0.5,-2.0,-0.5,-1.5,0.0,0.25,-0.25,1,4,0,1,3
2022-11-25,World Cup,2022,Matchday 6,Netherlands,Ecuador,1641.8868326762351,1513.8701800832062,128.016652593029,2.4,1.75,0.6499999999999999,2.0,1.25,0.75,0.8,0.75,0.050000000000000044,1.2,0.5,0.7,0.8,0.5,0.30000000000000004,5,4,0,1,1
2022-11-25,World Cup,2022,Matchday 6,Wales,Iran,1483.7091996312242,1465.1883857943164,18.52081383690779,1.0,0.8,0.19999999999999996,0.8,1.0,-0.19999999999999996,1.4,2.2,-0.8000000000000003,-0.6,-1.2,0.6,0.2,0.2,0.0,5,5,0,0,2
2022-11-25,World Cup,2022,Matchday 6,England,USA,1573.4913356421982,1487.1235770334788,86.36775860871944,2.6,1.0,1.6,3.0,1.2,1.8,0.8,1.4,-0.5999999999999999,2.2,-0.2,2.4000000000000004,0.8,0.2,0.6000000000000001,5,5,0,0,0
2022-11-26,World Cup,2022,Matchday 7,Poland,Saudi Arabia,1465.8623041940045,1504.3048415385842,-38.442537344579705,1.0,1.5,-0.5,1.0,1.0,0.0,1.2,2.0,-0.8,-0.2,-1.0,0.8,0.2,0.5,-0.3,5,4,0,2,0
2022-11-26,World Cup,2022,Matchday 7,Argentina,Mexico,1542.3163660848152,1505.7887092268847,36.527656857930424,0.8,1.4,-0.5999999999999999,1.4,0.6,0.7999999999999999,2.2,1.2,1.0000000000000002,-0.8,-0.6,-0.20000000000000007,0.2,0.4,-0.2,5,5,0,2,0
2022-11-26,World Cup,2022,Matchday 7,Tunisia,Australia,1487.7742601198538,1429.6942167274412,58.08004339241256,1.0,0.2,0.8,1.25,0.6,0.65,2.0,2.4,-0.3999999999999999,-0.75,-1.8,1.05,0.25,0.0,0.25,4,5,0,0,1
2022-11-26,World Cup,2022,Matchday 7,France,Denmark,1602.2414507032643,1508.563498720021,93.67795198324325,1.8,2.0,-0.19999999999999996,2.2,2.2,0.0,1.4,0.8,0.5999999999999999,0.8,1.4,-0.5999999999999999,0.4,0.6,-0.19999999999999996,5,5,0,2,1
2022-11-27,World Cup,2022,Matchday 8,Japan,Costa Rica,1493.9129585613878,1487.6765985578056,6.236360003582149,1.4,0.4,0.9999999999999999,1.6,0.4,1.2000000000000002,1.6,2.4,-0.7999999999999998,0.0,-2.0,2.0,0.4,0.0,0.4,5,5,0,0,1
2022-11-27,World Cup,2022,Matchday 8,Spain,Germany,1587.01418474908,1547.293312810455,39.720871938624896,2.2,0.8,1.4000000000000001,3.8,1.4,2.4,1.0,1.8,-0.8,2.8,-0.4,3.1999999999999997,0.6,0.2,0.39999999999999997,5,5,0,1,1
2022-11-27,World Cup,2022,Matchday 8,Belgium,Morocco,1629.7243782748126,1475.4379646508444,154.2864136239682,2.4,0.5,1.9,1.4,0.5,0.8999999999999999,0.6,1.0,-0.4,0.8,-0.5,1.3,0.8,0.0,0.8,5,4,0,0,2
2022-11-27,World Cup,2022,Matchday 8,Croatia,Canada,1511.3199942817441,1489.9725389498662,21.34745533187788,1.0,0.0,1.0,1.4,0.0,1.4,1.6,1.0,0.6000000000000001,-0.2,-1.0,0.8,0.2,0.0,0.2,5,1,0,4,1
2022-11-28,World Cup,2022,Matchday 9,Cameroon,Serbia,1408.8627603069574,1463.804319141481,-54.941558834523676,0.0,0.6,-0.6,0.4,0.6,-0.19999999999999996,2.4,1.6,0.7999999999999998,-2.0,-1.0,-1.0,0.0,0.2,-0.2,5,5,0,3,3
2022-11-28,World Cup,2022,Matchday 9,Brazil,Switzerland,1573.3314466710328,1517.15647868528,56.1749679857528,2.4,1.6,0.7999999999999998,1.8,1.6,0.19999999999999996,0.4,1.6,-1.2000000000000002,1.4,0.0,1.4,0.8,0.4,0.4,5,5,0,1,0
2022-11-28,World Cup,2022,Matchday 9,South Korea,Ghana,1458.5416333043202,1471.9551793416128,-13.41354603729269,0.8,0.4,0.4,0.6,1.4,-0.7999999999999999,0.8,2.0,-1.2,-0.2,-0.6,0.39999999999999997,0.2,0.0,0.2,5,5,0,2,3
2022-11-28,World Cup,2022,Matchday 9,Portugal,Uruguay,1515.1450300983533,1547.0958851951686,-31.950855096815303,1.4,2.0,-0.6000000000000001,2.0,1.2,0.8,1.8,0.6,1.2000000000000002,0.2,0.6,-0.39999999999999997,0.4,0.6,-0.19999999999999996,5,5,0,2,0
2022-11-29,World Cup,2022,Matchday 10,Ecuador,Senegal,1519.159859721136,1505.626757792317,13.533101928818951,1.6,1.4,0.20000000000000018,1.2,1.4,-0.19999999999999996,0.8,1.4,-0.5999999999999999,0.4,0.0,0.4,0.4,0.4,0.0,5,5,0,1,2
2022-11-29,World Cup,2022,Matchday 10,Netherlands,Qatar,1636.5971530383054,1470.2051831111582,166.3919699271471,2.0,0.0,2.0,1.6,0.5,1.1,0.6,2.5,-1.9,1.0,-2.0,3.0,0.6,0.0,0.6,5,2,0,2,0
2022-11-29,World Cup,2022,Matchday 10,Wales,England,1467.910348365097,1569.8374947857842,-101.92714642068722,0.8,2.2,-1.4000000000000001,0.6,2.6,-2.0,1.6,0.8,0.8,-1.0,1.8,-2.8,0.2,0.6,-0.39999999999999997,5,5,0,0,3
2022-11-29,World Cup,2022,Matchday 10,Iran,USA,1480.9872370604437,1490.7774178898928,-9.790180829449127,1.4,0.6,0.7999999999999999,1.2,0.8,0.3999999999999999,1.6,1.2,0.40000000000000013,-0.4,-0.4,0.0,0.4,0.0,0.4,5,5,0,0,1
2022-11-30,World Cup,2022,Matchday 11,Poland,Argentina,1482.5152619163403,1555.7451252807282,-73.22986336438794,1.0,1.2,-0.19999999999999996,1.2,1.6,-0.40000000000000013,1.2,2.0,-0.8,0.0,-0.4,0.4,0.2,0.4,-0.2,5,5,0,0,2
2022-11-30,World Cup,2022,Matchday 11,Saudi Arabia,Mexico,1487.6518838162485,1492.3599500309717,-4.708066214723203,1.2,0.8,0.3999999999999999,0.8,0.4,0.4,2.0,1.6,0.3999999999999999,-1.2,-1.2,0.0,0.4,0.2,0.2,5,5,0,1,2
2022-11-30,World Cup,2022,Matchday 11,Australia,Denmark,1447.1786343554272,1497.5126620652657,-50.33402770983844,0.8,1.4,-0.5999999999999999,0.8,1.6,-0.8,1.8,1.0,0.8,-1.0,0.6,-1.6,0.2,0.4,-0.2,5,5,0,1,0
2022-11-30,World Cup,2022,Matchday 11,Tunisia,France,1470.2898424918678,1613.2922873580196,-143.0024448661518,0.8,1.8,-1.0,1.0,2.4,-1.4,1.8,1.6,0.19999999999999996,-0.8,0.8,-1.6,0.2,0.4,-0.2,5,5,0,1,0
2022-12-01,World Cup,2022,Matchday 12,Japan,Spain,1478.6437421692208,1585.3067294250102,-106.6629872557894,0.8,1.8,-1.0,1.2,3.0,-1.8,1.6,1.2,0.40000000000000013,-0.4,1.8,-2.2,0.2,0.4,-0.2,5,5,0,2,1
2022-12-01,World Cup,2022,Matchday 12,Costa Rica,Germany,1502.9458149499726,1549.0007681345248,-46.05495318455223,0.8,1.0,-0.19999999999999996,0.6,1.6,-1.0,2.4,1.8,0.5999999999999999,-1.8,-0.2,-1.6,0.2,0.2,0.0,5,5,0,2,4
2022-12-01,World Cup,2022,Matchday 12,Croatia,Belgium,1525.39950860638,1608.4691680094793,-83.0696594030992,1.6,1.8,-0.19999999999999996,2.2,1.0,1.2000000000000002,1.6,0.8,0.8,0.6,0.2,0.39999999999999997,0.4,0.6,-0.19999999999999996,5,5,0,0,0
2022-12-01,World Cup,2022,Matchday 12,Canada,Morocco,1475.8930246252303,1496.6931749161777,-20.800150290947386,0.0,1.0,-1.0,0.5,0.8,-0.30000000000000004,2.5,0.8,1.7,-2.0,0.0,-2.0,0.0,0.2,-0.2,2,5,0,1,2
2022-12-02,World Cup,2022,Matchday 13,Serbia,Switzerland,1461.4518775570957,1504.5608319807761,-43.108954423680416,0.8,1.6,-0.8,1.0,1.6,-0.6000000000000001,1.8,1.2,0.6000000000000001,-0.8,0.4,-1.2000000000000002,0.2,0.4,-0.2,5,5,0,2,3
2022-12-02,World Cup,2022,Matchday 13,Cameroon,Brazil,1411.2152018913428,1585.9270933755367,-174.71189148419398,0.2,2.4,-2.1999999999999997,0.8,1.6,-0.8,2.6,0.4,2.2,-1.8,1.2,-3.0,0.0,0.8,-0.8,5,5,0,1,0
2022-12-02,World Cup,2022,Matchday 13,Ghana,Uruguay,1486.37635756133,1530.7203313974685,-44.3439738361385,0.8,1.4,-0.5999999999999999,1.8,1.0,0.8,2.2,1.0,1.2000000000000002,-0.4,0.0,-0.4,0.2,0.4,-0.2,5,5,0,0,2
2022-12-02,World Cup,2022,Matchday 13,South Korea,Portugal,1444.120455084603,1531.5205838960535,-87.40012881145049,0.8,1.4,-0.5999999999999999,1.0,1.8,-0.8,1.2,1.8,-0.6000000000000001,-0.2,0.0,-0.2,0.2,0.4,-0.2,5,5,0,2,1
2022-12-03,World Cup,2022,Round of 16,Netherlands,USA,1644.9165442648116,1505.3548536426508,139.56169062216077,2.0,1.0,1.0,1.6,0.6,1.0,0.6,0.8,-0.20000000000000007,1.0,-0.2,1.2,0.6,0.2,0.39999999999999997,5,5,1,3,1
2022-12-03,World Cup,2022,Round of 16,Argentina,Australia,1567.6295385601782,1464.3366524742953,103.29288608588286,1.8,1.4,0.40000000000000013,2.0,0.8,1.2,1.4,1.4,0.0,0.6,-0.6,1.2,0.6,0.4,0.19999999999999996,5,5,1,2,1
2022-12-04,World Cup,2022,Round of 16,France,Poland,1592.4449064628254,1470.6308486368903,121.81405782593515,1.6,1.0,0.6000000000000001,2.2,1.0,1.2000000000000002,1.6,1.2,0.40000000000000013,0.6,-0.2,0.8,0.4,0.2,0.2,5,5,1,3,1
2022-12-04,World Cup,2022,Round of 16,England,Senegal,1580.558991990583,1521.2107334608081,59.34825852977497,2.2,1.4,0.8000000000000003,2.4,1.4,1.0,0.8,1.4,-0.5999999999999999,1.6,0.0,1.6,0.6,0.4,0.19999999999999996,5,5,1,3,0
2022-12-05,World Cup,2022,Round of 16,Japan,Croatia,1498.1093339569697,1528.9191015287352,-30.809767571765406,1.2,1.6,-0.40000000000000013,1.2,2.0,-0.8,1.4,1.4,0.0,-0.2,0.6,-0.8,0.4,0.4,0.0,5,5,1,1,1
2022-12-05,World Cup,2022,Round of 16,Brazil,South Korea,1563.9616273713063,1462.8161918420683,101.14543552923806,1.8,1.4,0.40000000000000013,1.2,1.4,-0.19999999999999996,0.6,1.2,-0.6,0.6,0.2,0.39999999999999997,0.6,0.4,0.19999999999999996,5,5,1,4,1
2022-12-06,World Cup,2022,Round of 16,Morocco,Spain,1510.796231574018,1565.8411376372612,-55.04490606324316,1.6,1.2,0.40000000000000013,1.2,2.2,-1.0000000000000002,0.8,1.0,-0.19999999999999996,0.4,1.2,-0.7999999999999999,0.4,0.2,0.2,5,5,1,0,0
2022-12-06,World Cup,2022,Round of 16,Portugal,Switzerland,1512.8248471385882,1517.7091613732418,-4.88431423465363,1.4,1.6,-0.20000000000000018,1.6,1.6,0.0,1.4,1.4,0.0,0.2,0.2,0.0,0.4,0.4,0.0,5,5,1,6,1
2022-12-09,World Cup,2022,Quarter-finals,Croatia,Brazil,1527.5924126873222,1574.7141478347696,-47.12173514744745,1.2,1.8,-0.6000000000000001,1.6,1.6,0.0,1.4,0.8,0.5999999999999999,0.2,0.8,-0.6000000000000001,0.2,0.6,-0.39999999999999997,5,5,1,0,0
2022-12-09,World Cup,2022,Quarter-finals,Netherlands,Argentina,1654.1956226179989,1578.2969301671699,75.898692450829,2.0,1.8,0.19999999999999996,1.6,2.0,-0.3999999999999999,0.8,1.4,-0.5999999999999999,0.8,0.6,0.20000000000000007,0.6,0.6,0.0,5,5,1,2,2
2022-12-10,World Cup,2022,Quarter-finals,Morocco,Portugal,1513.1530250722672,1528.0357060443978,-14.882680972130629,1.8,1.8,0.0,1.2,2.4,-1.2,0.6,1.2,-0.6,0.6,1.2,-0.6,0.4,0.6,-0.19999999999999996,5,5,1,1,0
2022-12-10,World Cup,2022,Quarter-finals,England,France,1593.0213555480339,1602.39117301004,-9.36981746200604,2.2,2.0,0.20000000000000018,2.6,2.4,0.20000000000000018,0.6,1.4,-0.7999999999999999,2.0,1.0,1.0,0.6,0.6,0.0,5,5,1,1,2
2022-12-13,World Cup,2022,Semi-finals,Argentina,Croatia,1581.5225908158402,1529.6144384854404,51.908152330399844,2.0,1.4,0.6000000000000001,1.8,1.2,0.6000000000000001,1.0,0.6,0.4,0.8,0.6,0.20000000000000007,0.6,0.2,0.39999999999999997,5,5,1,3,0
2022-12-14,World Cup,2022,Semi-finals,France,Morocco,1616.9867435147673,1528.7951693500568,88.19157416471057,2.4,2.2,0.19999999999999973,2.2,1.0,1.2000000000000002,1.0,0.2,0.8,1.2,0.8,0.3999999999999999,0.8,0.6,0.20000000000000007,5,5,1,2,0
2022-12-17,World Cup,2022,Match for third place,Croatia,Morocco,1516.8389665769776,1517.522983258839,-0.6840166818615216,1.2,2.0,-0.8,1.2,1.0,0.19999999999999996,1.2,0.6,0.6,0.0,0.4,-0.4,0.2,0.6,-0.39999999999999997,5,5,1,2,1
2022-12-18,World Cup,2022,Final,Argentina,France,1594.298062724303,1628.258929605985,-33.96086688168202,2.6,2.4,0.20000000000000018,2.2,1.8,0.40000000000000013,0.6,0.8,-0.20000000000000007,1.6,1.0,0.6000000000000001,0.8,0.8,0.0,5,5,1,2,2
2024-06-14,European Championship,2024,Matchday 1,Germany,Scotland,1562.0239806789277,1471.884241249754,90.13973942917369,1.0,0.3333333333333333,0.6666666666666667,1.6,0.3333333333333333,1.2666666666666668,1.8,1.6666666666666667,0.1333333333333333,-0.2,-1.3333333333333333,1.1333333333333333,0.2,0.0,0.2,5,3,0,5,1
2024-06-15,European Championship,2024,Matchday 1,Hungary,Switzerland,1494.3616913322007,1502.4983024674323,-8.136611135231533,0.6666666666666666,1.4,-0.7333333333333333,1.0,1.2,-0.19999999999999996,2.0,2.0,0.0,-1.0,-0.8,-0.19999999999999996,0.0,0.4,-0.4,3,5,0,1,3
2024-06-15,European Championship,2024,Matchday 1,Spain,Croatia,1563.4843441390121,1531.8684979128545,31.6158462261576,1.2,1.2,0.0,2.0,0.8,1.2,0.8,1.2,-0.3999999999999999,1.2,-0.4,1.6,0.2,0.2,0.0,5,5,0,3,0
2024-06-15,European Championship,2024,Matchday 1,Italy,Albania,1554.7890478861784,1500.0,54.78904788617842,2.2,1.0,1.2000000000000002,1.4,1.0,0.3999999999999999,0.8,1.0,-0.19999999999999996,0.6,0.0,0.6,0.6,0.33,0.26999999999999996,5,0,0,2,1
2024-06-16,European Championship,2024,Matchday 1,Slovenia,Denmark,1498.7056000169314,1480.3546439463976,18.35095607053381,1.3333333333333333,0.8,0.5333333333333332,1.0,0.8,0.19999999999999996,1.0,1.2,-0.19999999999999996,0.0,-0.4,0.4,0.3333333333333333,0.2,0.1333333333333333,3,5,0,1,1
2024-06-16,European Championship,2024,Matchday 1,Serbia,England,1448.30354816463,1578.4257850433064,-130.1222368786764,0.2,2.0,-1.8,1.2,2.6,-1.4000000000000001,2.4,0.8,1.5999999999999999,-1.2,1.8,-3.0,0.0,0.6,-0.6,5,5,0,0,1
2024-06-16,European Championship,2024,Matchday 1,Poland,Netherlands,1460.6845820896758,1650.9699619693286,-190.28537987965274,0.8,2.2,-1.4000000000000001,1.0,2.0,-1.0,1.6,0.8,0.8,-0.6,1.2,-1.7999999999999998,0.2,0.6,-0.39999999999999997,5,5,0,1,2
2024-06-17,European Championship,2024,Matchday 1,Austria,France,1504.9623078799025,1626.797372984134,-121.83506510423149,1.5,2.0,-0.5,1.25,2.0,-0.75,1.25,1.2,0.050000000000000044,0.0,0.8,-0.8,0.5,0.6,-0.09999999999999998,4,5,0,0,1
2024-06-17,European Championship,2024,Matchday 1,Romania,Ukraine,1500.0,1493.5281271007652,6.471872899234768,1.0,1.2,-0.19999999999999996,1.0,1.2,-0.19999999999999996,1.0,2.0,-1.0,0.0,-0.8,0.8,0.33,0.4,-0.07,0,5,0,3,0
2024-06-17,European Championship,2024,Matchday 1,Belgium,Slovakia,1604.9495750871242,1475.963999618035,128.98557546908933,1.4,1.2,0.19999999999999996,0.6,1.2,-0.6,0.8,2.2,-1.4000000000000001,-0.2,-1.0,0.8,0.4,0.4,0.0,5,5,0,0,1
2024-06-18,European Championship,2024,Matchday 1,Turkey,Georgia,1455.1100120634326,1500.0,-44.88998793656742,0.0,1.0,-1.0,0.3333333333333333,1.0,-0.6666666666666667,2.6666666666666665,1.0,1.6666666666666665,-2.3333333333333335,0.0,-2.3333333333333335,0.0,0.33,-0.33,3,0,0,3,1
2024-06-18,European Championship,2024,Matchday 1,Portugal,Czech Republic,1512.3935617666082,1505.0067679230265,7.3867938435816995,1.8,1.4,0.40000000000000013,2.4,1.2,1.2,1.2,0.8,0.3999999999999999,1.2,0.4,0.7999999999999999,0.6,0.4,0.19999999999999996,5,5,0,2,1
2024-06-19,European Championship,2024,Matchday 2,Germany,Hungary,1573.2173631534843,1479.712912865944,93.5044502875403,1.4,0.5,0.8999999999999999,2.2,1.0,1.2000000000000002,1.6,2.25,-0.6499999999999999,0.6,-1.25,1.85,0.4,0.0,0.4,5,4,0,2,0
2024-06-19,European Championship,2024,Matchday 2,Scotland,Switzerland,1460.6908587751975,1517.147080933689,-56.45622215849153,0.25,1.8,-1.55,0.5,1.6,-1.1,2.5,2.0,0.5,-2.0,-0.4,-1.6,0.0,0.6,-0.6,4,5,0,1,1
2024-06-19,European Championship,2024,Matchday 2,Croatia,Albania,1518.2297085825933,1487.3460186627963,30.883689919797007,1.0,0.0,1.0,0.8,1.0,-0.19999999999999996,1.8,2.0,-0.19999999999999996,-1.0,-1.0,0.0,0.2,0.0,0.2,5,1,0,2,2
2024-06-20,European Championship,2024,Matchday 2,Spain,Italy,1577.1231334692734,1567.4430292233822,9.680104245891243,1.6,2.2,-0.6000000000000001,2.4,1.6,0.7999999999999998,0.6,1.0,-0.4,1.8,0.6,1.2000000000000002,0.4,0.6,-0.19999999999999996,5,5,0,1,0
2024-06-20,European Championship,2024,Matchday 2,Slovenia,Serbia,1497.9140614904427,1438.6726575809569,59.241403909485825,1.25,0.2,1.05,1.0,1.0,0.0,1.0,2.2,-1.2000000000000002,0.0,-1.2,1.2,0.25,0.0,0.25,4,5,0,1,1
2024-06-20,European Championship,2024,Matchday 2,Denmark,England,1481.1461824728863,1588.0566756269795,-106.91049315409327,0.4,2.0,-1.6,0.6,1.6,-1.0,1.2,0.4,0.7999999999999999,-0.6,1.2,-1.7999999999999998,0.0,0.6,-0.6,5,5,0,1,1
2024-06-21,European Championship,2024,Matchday 2,Poland,Austria,1453.1663333683791,1495.016845322815,-41.85051195443589,0.8,1.2,-0.3999999999999999,0.8,1.0,-0.19999999999999996,1.4,1.2,0.19999999999999996,-0.6,-0.2,-0.39999999999999997,0.2,0.4,-0.2,5,5,0,1,3
2024-06-21,European Championship,2024,Matchday 2,Netherlands,France,1658.4882106906252,1636.7428355412214,21.7453751494038,2.2,2.6,-0.3999999999999999,2.0,2.2,-0.20000000000000018,1.0,1.0,0.0,1.0,1.2,-0.19999999999999996,0.6,0.8,-0.20000000000000007,5,5,0,0,0
2024-06-21,European Championship,2024,Matchday 2,Slovakia,Ukraine,1496.290272792044,1478.8075080014564,17.48276479058768,1.2,1.2,0.0,0.8,0.8,0.0,1.8,2.0,-0.19999999999999996,-1.0,-1.2,0.19999999999999996,0.4,0.4,0.0,5,5,0,1,2
2024-06-22,European Championship,2024,Matchday 2,Belgium,Romania,1584.623301913115,1514.7206190993088,69.90268281380622,0.8,3.0,-2.2,0.4,3.0,-2.6,1.0,0.0,1.0,-0.6,3.0,-3.6,0.2,1.0,-0.8,5,1,0,2,0
2024-06-22,European Championship,2024,Matchday 2,Georgia,Czech Republic,1483.0726562912591,1490.325633405366,-7.252977114106898,0.0,0.8,-0.8,1.0,1.0,0.0,3.0,1.2,1.8,-2.0,-0.2,-1.8,0.0,0.2,-0.2,1,5,0,1,1
2024-06-22,European Championship,2024,Matchday 2,Turkey,Portugal,1472.0373557721734,1527.0746962842686,-55.03734051209517,0.75,1.8,-1.05,1.0,2.2,-1.2000000000000002,2.25,1.0,1.25,-1.25,1.2,-2.45,0.25,0.6,-0.35,4,5,0,0,3
2024-06-23,European Championship,2024,Matchday 3,Switzerland,Germany,1514.7308984392937,1584.275172178341,-69.54427373904741,1.4,2.0,-0.6000000000000001,1.6,2.6,-1.0,2.2,1.2,1.0000000000000002,-0.6,1.4,-2.0,0.4,0.6,-0.19999999999999996,5,5,0,1,1
2024-06-23,European Championship,2024,Matchday 3,Scotland,Hungary,1463.1070412695929,1468.655103841087,-5.548062571494256,0.4,0.4,0.0,0.6,0.8,-0.20000000000000007,2.2,2.2,0.0,-1.6,-1.4,-0.20000000000000018,0.0,0.0,0.0,5,5,0,0,1
2024-06-24,European Championship,2024,Matchday 3,Albania,Spain,1488.6758739629213,1591.7053178808812,-103.02944391795995,0.5,1.6,-1.1,1.5,1.2,0.30000000000000004,2.0,0.6,1.4,-0.5,0.6,-1.1,0.0,0.4,-0.4,2,5,0,0,1
2024-06-24,European Championship,2024,Matchday 3,Croatia,Italy,1516.8998532824683,1552.8608448117743,-35.96099152930606,1.0,1.6,-0.6000000000000001,1.0,1.2,-0.19999999999999996,2.0,1.0,1.0,-1.0,0.2,-1.2,0.2,0.4,-0.2,5,5,0,1,1
2024-06-25,European Championship,2024,Matchday 3,England,Slovenia,1583.5813472783898,1495.380906531487,88.20044074690281,2.0,1.2,0.8,1.8,1.0,0.8,0.6,1.0,-0.4,1.2,0.0,1.2,0.6,0.2,0.39999999999999997,5,5,0,0,0
2024-06-25,European Championship,2024,Matchday 3,Denmark,Serbia,1485.621510821476,1441.2058125399126,44.41569828156344,0.6,0.4,0.19999999999999996,0.6,1.2,-0.6,1.0,2.0,-1.0,-0.4,-0.8,0.4,0.0,0.0,0.0,5,5,0,0,0
2024-06-25,European Championship,2024,Matchday 3,Netherlands,Austria,1657.5506113400459,1508.2187018103014,149.3319095297445,2.2,1.2,1.0000000000000002,1.8,1.0,0.8,0.8,1.2,-0.3999999999999999,1.0,-0.2,1.2,0.6,0.4,0.19999999999999996,5,5,0,2,3
2024-06-25,European Championship,2024,Matchday 3,France,Poland,1637.6804348918008,1439.9644768808928,197.71595801090803,2.2,0.6,1.6,1.6,1.0,0.6000000000000001,0.8,2.0,-1.2,0.8,-1.0,1.8,0.6,0.2,0.39999999999999997,5,5,0,1,1
2024-06-26,European Championship,2024,Matchday 3,Slovakia,Romania,1480.5361175734192,1502.6984872947526,-22.162369721333334,1.2,1.5,-0.30000000000000004,0.8,1.5,-0.7,1.8,1.0,0.8,-1.0,0.5,-1.5,0.4,0.5,-0.09999999999999998,5,2,0,1,1
2024-06-26,European Championship,2024,Matchday 3,Ukraine,Belgium,1494.5616632200813,1596.6454337176713,-102.08377049758997,1.2,1.4,-0.19999999999999996,0.8,0.6,0.20000000000000007,2.0,0.6,1.4,-1.2,0.0,-1.2,0.4,0.4,0.0,5,5,0,0,0
2024-06-26,European Championship,2024,Matchday 3,Georgia,Portugal,1483.3857470046992,1539.718221354811,-56.33247435011185,0.5,1.8,-1.3,1.0,2.4,-1.4,2.0,1.0,1.0,-1.0,1.4,-2.4,0.0,0.6,-0.6,2,5,0,2,0
2024-06-26,European Championship,2024,Matchday 3,Czech Republic,Turkey,1490.012542691926,1459.393830701631,30.61871199029497,0.8,0.6,0.20000000000000007,1.0,0.8,0.19999999999999996,1.2,2.4,-1.2,-0.2,-1.6,1.4000000000000001,0.2,0.2,0.0,5,5,0,1,2
2024-06-29,European Championship,2024,Round of 16,Switzerland,Italy,1517.6938996836252,1551.3138045900378,-33.61990490641256,1.6,1.2,0.40000000000000013,1.8,1.0,0.8,2.2,1.0,1.2000000000000002,-0.4,0.0,-0.4,0.4,0.2,0.2,5,5,1,2,0
2024-06-29,European Championship,2024,Round of 16,Germany,Denmark,1581.3121709340096,1483.7143093015895,97.59786163242006,2.2,0.6,1.6,2.6,0.6,2.0,1.0,1.0,0.0,1.6,-0.4,2.0,0.6,0.0,0.6,5,5,1,2,0
2024-06-30,European Championship,2024,Round of 16,England,Slovakia,1579.853174213573,1481.4916483334791,98.36152588009395,1.6,0.8,0.8,1.2,0.6,0.6,0.6,1.8,-1.2000000000000002,0.6,-1.2,1.7999999999999998,0.4,0.2,0.2,5,5,1,2,1
2024-06-30,European Championship,2024,Round of 16,Spain,Georgia,1602.3831365862227,1500.7967252001442,101.58641138607845,2.0,1.3333333333333333,0.6666666666666667,1.2,1.3333333333333333,-0.1333333333333333,0.4,1.3333333333333333,-0.9333333333333332,0.8,0.0,0.8,0.6,0.3333333333333333,0.26666666666666666,5,3,1,4,1
2024-07-01,European Championship,2024,Round of 16,France,Belgium,1629.9602705265283,1592.360719860854,37.599550665674315,1.8,1.0,0.8,1.4,0.4,0.9999999999999999,0.8,0.6,0.20000000000000007,0.6,-0.2,0.8,0.4,0.2,0.2,5,5,1,1,0
2024-07-01,European Championship,2024,Round of 16,Portugal,Slovenia,1522.307243159366,1499.1090795963037,23.19816356306228,1.8,0.8,1.0,2.2,0.8,1.4000000000000001,1.0,1.0,0.0,1.2,-0.2,1.4,0.6,0.0,0.6,5,5,1,0,0
2024-07-02,European Championship,2024,Round of 16,Romania,Netherlands,1501.7429565346927,1636.4731512877338,-134.73019475304113,1.3333333333333333,1.6,-0.26666666666666683,1.3333333333333333,1.8,-0.4666666666666668,1.0,1.4,-0.3999999999999999,0.3333333333333333,0.4,-0.06666666666666671,0.3333333333333333,0.4,-0.06666666666666671,3,5,1,0,3
2024-07-02,European Championship,2024,Round of 16,Austria,Turkey,1529.2961618626134,1475.7123351389387,53.58382672367475,1.8,1.2,0.6000000000000001,1.6,1.2,0.40000000000000013,1.2,2.0,-0.8,0.4,-0.8,1.2000000000000002,0.6,0.4,0.19999999999999996,5,5,1,1,2
2024-07-05,European Championship,2024,Quarter-finals,Spain,Germany,1613.1181514453476,1592.2059752104933,20.912176234854314,2.6,2.6,0.0,1.8,2.8,-0.9999999999999998,0.2,0.8,-0.6000000000000001,1.6,2.0,-0.3999999999999999,0.8,0.8,0.0,5,5,1,2,1
2024-07-05,European Championship,2024,Quarter-finals,Portugal,France,1521.307183639682,1643.3432750538464,-122.03609141416428,1.4,1.8,-0.40000000000000013,1.0,1.2,-0.19999999999999996,0.8,0.8,0.0,0.2,0.4,-0.2,0.4,0.4,0.0,5,5,1,0,0
2024-07-06,European Championship,2024,Quarter-finals,England,Switzerland,1590.7164975217938,1534.140874160403,56.57562336139085,1.6,1.6,0.0,1.0,1.6,-0.6000000000000001,0.8,1.8,-1.0,0.2,-0.2,0.4,0.4,0.4,0.0,5,5,1,1,1
2024-07-06,European Championship,2024,Quarter-finals,Netherlands,Turkey,1645.9314186372542,1493.0075656820873,152.92385295516692,1.6,1.8,-0.19999999999999996,1.8,1.6,0.19999999999999996,1.2,1.8,-0.6000000000000001,0.6,-0.2,0.8,0.4,0.6,-0.19999999999999996,5,5,1,2,1
2024-07-09,European Championship,2024,Semi-finals,Spain,France,1627.216388940994,1638.2810455934136,-11.064656652419671,3.0,1.8,1.2,2.2,0.6,1.6,0.4,0.2,0.2,1.8,0.4,1.4,1.0,0.4,0.6,5,5,1,2,1
2024-07-10,European Championship,2024,Semi-finals,Netherlands,England,1654.724884236946,1588.2952940939465,66.42959014299959,2.0,1.8,0.19999999999999996,1.8,1.0,0.8,1.0,0.6,0.4,0.8,0.4,0.4,0.6,0.4,0.19999999999999996,5,5,1,1,2
2024-07-14,European Championship,2024,Final,Spain,England,1642.6939271382992,1606.1288448811338,36.565082257165386,3.0,1.8,1.2,2.0,1.2,0.8,0.6,0.8,-0.20000000000000007,1.4,0.4,0.9999999999999999,1.0,0.4,0.6,5,5,1,2,1
